#
# There is insufficient memory for the Java Runtime Environment to continue.
# Native memory allocation (mmap) failed to map 65536 bytes. Error detail: Failed to commit metaspace.
# Possible reasons:
#   The system is out of physical RAM or swap space
#   This process is running with CompressedOops enabled, and the Java Heap may be blocking the growth of the native heap
# Possible solutions:
#   Reduce memory load on the system
#   Increase physical memory or swap space
#   Check if swap backing store is full
#   Decrease Java heap size (-Xmx/-Xms)
#   Decrease number of Java threads
#   Decrease Java thread stack sizes (-Xss)
#   Set larger code cache with -XX:ReservedCodeCacheSize=
#   JVM is running with Unscaled Compressed Oops mode in which the Java heap is
#     placed in the first 4GB address space. The Java Heap base address is the
#     maximum limit for the native heap growth. Please use -XX:HeapBaseMinAddress
#     to set the Java Heap base and to place the Java Heap above 4GB virtual address.
# This output file may be truncated or incomplete.
#
#  Out of Memory Error (virtualSpaceNode.cpp:113), pid=25872, tid=26064
#
# JRE version: OpenJDK Runtime Environment Temurin-21.0.12.1+1 (21.0.12.1+1) (build 21.0.12.1+1-LTS)
# Java VM: OpenJDK 64-Bit Server VM Temurin-21.0.12.1+1 (21.0.12.1+1-LTS, mixed mode, sharing, tiered, compressed oops, compressed class ptrs, g1 gc, windows-amd64)
# No core dump will be written. Minidumps are not enabled by default on client versions of Windows
#

---------------  S U M M A R Y ------------

Command Line: --add-opens=java.base/java.lang=ALL-UNNAMED --add-opens=java.base/java.lang.invoke=ALL-UNNAMED --add-opens=java.base/java.util=ALL-UNNAMED --add-opens=java.prefs/java.util.prefs=ALL-UNNAMED --add-exports=jdk.compiler/com.sun.tools.javac.api=ALL-UNNAMED --add-exports=jdk.compiler/com.sun.tools.javac.util=ALL-UNNAMED --add-opens=java.base/java.util=ALL-UNNAMED --add-opens=java.prefs/java.util.prefs=ALL-UNNAMED --add-opens=java.base/java.nio.charset=ALL-UNNAMED --add-opens=java.base/java.net=ALL-UNNAMED --add-opens=java.base/java.util.concurrent=ALL-UNNAMED --add-opens=java.base/java.util.concurrent.atomic=ALL-UNNAMED --add-opens=java.xml/javax.xml.namespace=ALL-UNNAMED --add-opens=java.base/java.time=ALL-UNNAMED -Xmx2048m -Dfile.encoding=UTF-8 -Duser.country=BR -Duser.language=pt -Duser.variant -javaagent:C:\Users\enzonascimento-ieg\.gradle\wrapper\dists\gradle-9.1.0-bin\9agqghryom9wkf8r80qlhnts3\gradle-9.1.0\lib\agents\gradle-instrumentation-agent-9.1.0.jar org.gradle.launcher.daemon.bootstrap.GradleDaemon 9.1.0

Host: 12th Gen Intel(R) Core(TM) i7-1255U, 12 cores, 15G,  Windows 11 , 64 bit Build 26100 (10.0.26100.9444)
Time: Tue Sep 22 21:52:31 2026 Hora oficial do Brasil elapsed time: 338.428909 seconds (0d 0h 5m 38s)

---------------  T H R E A D  ---------------

Current thread (0x00000183c0789080):  JavaThread "Daemon worker"        [_thread_in_vm, id=26064, stack(0x000000815e100000,0x000000815e200000) (1024K)]

Stack: [0x000000815e100000,0x000000815e200000]
Native frames: (J=compiled Java code, j=interpreted, Vv=VM code, C=native code)
V  [jvm.dll+0x6d83e9]
V  [jvm.dll+0x8b5736]
V  [jvm.dll+0x8b7cee]
V  [jvm.dll+0x8b83d3]
V  [jvm.dll+0x284596]
V  [jvm.dll+0x8b147e]
V  [jvm.dll+0x679ad4]
V  [jvm.dll+0x1e849b]
V  [jvm.dll+0x1e825e]
V  [jvm.dll+0x67c3d2]
V  [jvm.dll+0x67c202]
V  [jvm.dll+0x67a4ae]
V  [jvm.dll+0x3c7a23]
V  [jvm.dll+0x2118db]
V  [jvm.dll+0x5b6aa9]
V  [jvm.dll+0x82f606]
V  [jvm.dll+0x4792f8]
V  [jvm.dll+0x47f128]
C  [java.dll+0x17ec]

Java frames: (J=compiled Java code, j=interpreted, Vv=VM code)
J 782  java.lang.ClassLoader.defineClass1(Ljava/lang/ClassLoader;Ljava/lang/String;[BIILjava/security/ProtectionDomain;Ljava/lang/String;)Ljava/lang/Class; java.base@21.0.12.1 (0 bytes) @ 0x00000183b362a191 [0x00000183b362a0c0+0x00000000000000d1]
J 1210 c1 java.lang.ClassLoader.defineClass(Ljava/lang/String;[BIILjava/security/ProtectionDomain;)Ljava/lang/Class; java.base@21.0.12.1 (43 bytes) @ 0x00000183abd116f4 [0x00000183abd113a0+0x0000000000000354]
J 1076 c1 java.security.SecureClassLoader.defineClass(Ljava/lang/String;[BIILjava/security/CodeSource;)Ljava/lang/Class; java.base@21.0.12.1 (16 bytes) @ 0x00000183abcb6b9c [0x00000183abcb6ac0+0x00000000000000dc]
J 3402 c2 java.net.URLClassLoader.findClass(Ljava/lang/String;)Ljava/lang/Class; java.base@21.0.12.1 (47 bytes) @ 0x00000183b37932fc [0x00000183b3791720+0x0000000000001bdc]
J 3228 c2 java.lang.ClassLoader.loadClass(Ljava/lang/String;Z)Ljava/lang/Class; java.base@21.0.12.1 (121 bytes) @ 0x00000183b3759a40 [0x00000183b37565c0+0x0000000000003480]
J 788 c1 java.lang.ClassLoader.loadClass(Ljava/lang/String;)Ljava/lang/Class; java.base@21.0.12.1 (7 bytes) @ 0x00000183abc3aad4 [0x00000183abc3a9c0+0x0000000000000114]
v  ~StubRoutines::call_stub 0x00000183b303100d
j  com.google.common.io.CharStreams.readLines(Ljava/lang/Readable;Lcom/google/common/io/LineProcessor;)Ljava/lang/Object;+10
j  com.google.common.io.CharSource.readLines(Lcom/google/common/io/LineProcessor;)Ljava/lang/Object;+23
j  org.gradle.configuration.DefaultImportsReader.generateImportPackages(Ljava/net/URL;)[Ljava/lang/String;+28
j  org.gradle.configuration.DefaultImportsReader.<init>(Ljava/net/URL;)V+6
j  org.gradle.configuration.DefaultImportsReader.<init>()V+8
j  org.gradle.internal.service.scopes.GlobalScopeServices.createImportsReader()Lorg/gradle/configuration/ImportsReader;+4
j  java.lang.invoke.DirectMethodHandle$Holder.invokeVirtual(Ljava/lang/Object;Ljava/lang/Object;)Ljava/lang/Object;+10 java.base@21.0.12.1
J 1547 c1 java.lang.invoke.LambdaForm$MH+0x00000183c201c000.invoke(Ljava/lang/Object;Ljava/lang/Object;)Ljava/lang/Object; java.base@21.0.12.1 (35 bytes) @ 0x00000183abddfa6c [0x00000183abddf500+0x000000000000056c]
J 2012 c1 jdk.internal.reflect.DirectMethodHandleAccessor.invoke(Ljava/lang/Object;[Ljava/lang/Object;)Ljava/lang/Object; java.base@21.0.12.1 (92 bytes) @ 0x00000183abea9adc [0x00000183abea7ac0+0x000000000000201c]
J 2005 c1 java.lang.reflect.Method.invoke(Ljava/lang/Object;[Ljava/lang/Object;)Ljava/lang/Object; java.base@21.0.12.1 (108 bytes) @ 0x00000183abea5d54 [0x00000183abea5840+0x0000000000000514]
j  org.gradle.internal.reflect.JavaMethod.invoke(Ljava/lang/Object;[Ljava/lang/Object;)Ljava/lang/Object;+6
j  org.gradle.internal.service.ReflectionBasedServiceMethod.invoke(Ljava/lang/Object;[Ljava/lang/Object;)Ljava/lang/Object;+6
j  org.gradle.internal.service.DefaultServiceRegistry$FactoryMethodService.invokeMethod([Ljava/lang/Object;)Ljava/lang/Object;+28
j  org.gradle.internal.service.DefaultServiceRegistry$FactoryService.createServiceInstance()Ljava/lang/Object;+7
j  org.gradle.internal.service.DefaultServiceRegistry$FactoryMethodService.createServiceInstance()Ljava/lang/Object;+1
J 3262 c1 org.gradle.internal.service.DefaultServiceRegistry$ManagedObjectServiceProvider.getInstance()Ljava/lang/Object; (47 bytes) @ 0x00000183ac11b10c [0x00000183ac11af60+0x00000000000001ac]
J 3084 c1 org.gradle.internal.service.DefaultServiceRegistry$SingletonService.get()Ljava/lang/Object; (5 bytes) @ 0x00000183ac0be03c [0x00000183ac0bdfc0+0x000000000000007c]
j  org.gradle.internal.service.DefaultServiceRegistry$FactoryService.assembleParameters()[Ljava/lang/Object;+44
j  org.gradle.internal.service.DefaultServiceRegistry$FactoryService.createServiceInstance()Ljava/lang/Object;+1
j  org.gradle.internal.service.DefaultServiceRegistry$FactoryMethodService.createServiceInstance()Ljava/lang/Object;+1
J 3262 c1 org.gradle.internal.service.DefaultServiceRegistry$ManagedObjectServiceProvider.getInstance()Ljava/lang/Object; (47 bytes) @ 0x00000183ac11b10c [0x00000183ac11af60+0x00000000000001ac]
J 3084 c1 org.gradle.internal.service.DefaultServiceRegistry$SingletonService.get()Ljava/lang/Object; (5 bytes) @ 0x00000183ac0be03c [0x00000183ac0bdfc0+0x000000000000007c]
j  org.gradle.internal.service.DefaultServiceRegistry$FactoryService.assembleParameters()[Ljava/lang/Object;+44
j  org.gradle.internal.service.DefaultServiceRegistry$FactoryService.createServiceInstance()Ljava/lang/Object;+1
j  org.gradle.internal.service.DefaultServiceRegistry$FactoryMethodService.createServiceInstance()Ljava/lang/Object;+1
J 3262 c1 org.gradle.internal.service.DefaultServiceRegistry$ManagedObjectServiceProvider.getInstance()Ljava/lang/Object; (47 bytes) @ 0x00000183ac11b10c [0x00000183ac11af60+0x00000000000001ac]
J 3084 c1 org.gradle.internal.service.DefaultServiceRegistry$SingletonService.get()Ljava/lang/Object; (5 bytes) @ 0x00000183ac0be03c [0x00000183ac0bdfc0+0x000000000000007c]
j  org.gradle.internal.service.DefaultServiceRegistry$FactoryService.assembleParameters()[Ljava/lang/Object;+44
j  org.gradle.internal.service.DefaultServiceRegistry$FactoryService.createServiceInstance()Ljava/lang/Object;+1
j  org.gradle.internal.service.DefaultServiceRegistry$FactoryMethodService.createServiceInstance()Ljava/lang/Object;+1
J 3262 c1 org.gradle.internal.service.DefaultServiceRegistry$ManagedObjectServiceProvider.getInstance()Ljava/lang/Object; (47 bytes) @ 0x00000183ac11b10c [0x00000183ac11af60+0x00000000000001ac]
J 3084 c1 org.gradle.internal.service.DefaultServiceRegistry$SingletonService.get()Ljava/lang/Object; (5 bytes) @ 0x00000183ac0be03c [0x00000183ac0bdfc0+0x000000000000007c]
j  org.gradle.internal.service.DefaultServiceRegistry$FactoryService.assembleParameters()[Ljava/lang/Object;+44
j  org.gradle.internal.service.DefaultServiceRegistry$FactoryService.createServiceInstance()Ljava/lang/Object;+1
j  org.gradle.internal.service.DefaultServiceRegistry$FactoryMethodService.createServiceInstance()Ljava/lang/Object;+1
J 3262 c1 org.gradle.internal.service.DefaultServiceRegistry$ManagedObjectServiceProvider.getInstance()Ljava/lang/Object; (47 bytes) @ 0x00000183ac11b10c [0x00000183ac11af60+0x00000000000001ac]
J 3084 c1 org.gradle.internal.service.DefaultServiceRegistry$SingletonService.get()Ljava/lang/Object; (5 bytes) @ 0x00000183ac0be03c [0x00000183ac0bdfc0+0x000000000000007c]
j  org.gradle.internal.service.DefaultServiceRegistry$FactoryService.assembleParameters()[Ljava/lang/Object;+44
j  org.gradle.internal.service.DefaultServiceRegistry$FactoryService.createServiceInstance()Ljava/lang/Object;+1
j  org.gradle.internal.service.DefaultServiceRegistry$FactoryMethodService.createServiceInstance()Ljava/lang/Object;+1
J 3262 c1 org.gradle.internal.service.DefaultServiceRegistry$ManagedObjectServiceProvider.getInstance()Ljava/lang/Object; (47 bytes) @ 0x00000183ac11b10c [0x00000183ac11af60+0x00000000000001ac]
J 3084 c1 org.gradle.internal.service.DefaultServiceRegistry$SingletonService.get()Ljava/lang/Object; (5 bytes) @ 0x00000183ac0be03c [0x00000183ac0bdfc0+0x000000000000007c]
j  org.gradle.internal.service.DefaultServiceRegistry$FactoryService.assembleParameters()[Ljava/lang/Object;+44
j  org.gradle.internal.service.DefaultServiceRegistry$FactoryService.createServiceInstance()Ljava/lang/Object;+1
j  org.gradle.internal.service.DefaultServiceRegistry$ConstructorService.createServiceInstance()Ljava/lang/Object;+1
J 3262 c1 org.gradle.internal.service.DefaultServiceRegistry$ManagedObjectServiceProvider.getInstance()Ljava/lang/Object; (47 bytes) @ 0x00000183ac11b10c [0x00000183ac11af60+0x00000000000001ac]
J 3084 c1 org.gradle.internal.service.DefaultServiceRegistry$SingletonService.get()Ljava/lang/Object; (5 bytes) @ 0x00000183ac0be03c [0x00000183ac0bdfc0+0x000000000000007c]
j  org.gradle.internal.service.DefaultServiceRegistry$FactoryService.assembleParameters()[Ljava/lang/Object;+44
j  org.gradle.internal.service.DefaultServiceRegistry$FactoryService.createServiceInstance()Ljava/lang/Object;+1
j  org.gradle.internal.service.DefaultServiceRegistry$FactoryMethodService.createServiceInstance()Ljava/lang/Object;+1
J 3262 c1 org.gradle.internal.service.DefaultServiceRegistry$ManagedObjectServiceProvider.getInstance()Ljava/lang/Object; (47 bytes) @ 0x00000183ac11b10c [0x00000183ac11af60+0x00000000000001ac]
J 3084 c1 org.gradle.internal.service.DefaultServiceRegistry$SingletonService.get()Ljava/lang/Object; (5 bytes) @ 0x00000183ac0be03c [0x00000183ac0bdfc0+0x000000000000007c]
j  org.gradle.internal.service.DefaultServiceRegistry.find(Ljava/lang/reflect/Type;)Ljava/lang/Object;+22
j  org.gradle.internal.service.DefaultServiceRegistry.get(Ljava/lang/reflect/Type;)Ljava/lang/Object;+2
j  org.gradle.internal.service.DefaultServiceRegistry.get(Ljava/lang/Class;)Ljava/lang/Object;+3
j  org.gradle.internal.cc.impl.DefaultBuildModelControllerServices$VintageBuildControllerProvider.createBuildModelController(Lorg/gradle/api/internal/GradleInternal;Lorg/gradle/internal/model/StateTransitionControllerFactory;)Lorg/gradle/internal/build/BuildModelController;+69
j  java.lang.invoke.DirectMethodHandle$Holder.invokeSpecial(Ljava/lang/Object;Ljava/lang/Object;Ljava/lang/Object;Ljava/lang/Object;)Ljava/lang/Object;+14 java.base@21.0.12.1
j  java.lang.invoke.LambdaForm$MH+0x00000183c21c8000.invoke(Ljava/lang/Object;Ljava/lang/Object;Ljava/lang/Object;Ljava/lang/Object;)Ljava/lang/Object;+73 java.base@21.0.12.1
J 2012 c1 jdk.internal.reflect.DirectMethodHandleAccessor.invoke(Ljava/lang/Object;[Ljava/lang/Object;)Ljava/lang/Object; java.base@21.0.12.1 (92 bytes) @ 0x00000183abea9064 [0x00000183abea7ac0+0x00000000000015a4]
J 2005 c1 java.lang.reflect.Method.invoke(Ljava/lang/Object;[Ljava/lang/Object;)Ljava/lang/Object; java.base@21.0.12.1 (108 bytes) @ 0x00000183abea5d54 [0x00000183abea5840+0x0000000000000514]
j  org.gradle.internal.reflect.JavaMethod.invoke(Ljava/lang/Object;[Ljava/lang/Object;)Ljava/lang/Object;+6
j  org.gradle.internal.service.ReflectionBasedServiceMethod.invoke(Ljava/lang/Object;[Ljava/lang/Object;)Ljava/lang/Object;+6
j  org.gradle.internal.service.DefaultServiceRegistry$FactoryMethodService.invokeMethod([Ljava/lang/Object;)Ljava/lang/Object;+28
j  org.gradle.internal.service.DefaultServiceRegistry$FactoryService.createServiceInstance()Ljava/lang/Object;+7
j  org.gradle.internal.service.DefaultServiceRegistry$FactoryMethodService.createServiceInstance()Ljava/lang/Object;+1
J 3262 c1 org.gradle.internal.service.DefaultServiceRegistry$ManagedObjectServiceProvider.getInstance()Ljava/lang/Object; (47 bytes) @ 0x00000183ac11b10c [0x00000183ac11af60+0x00000000000001ac]
J 3084 c1 org.gradle.internal.service.DefaultServiceRegistry$SingletonService.get()Ljava/lang/Object; (5 bytes) @ 0x00000183ac0be03c [0x00000183ac0bdfc0+0x000000000000007c]
j  org.gradle.internal.service.DefaultServiceRegistry.find(Ljava/lang/reflect/Type;)Ljava/lang/Object;+22
j  org.gradle.internal.service.DefaultServiceRegistry.get(Ljava/lang/reflect/Type;)Ljava/lang/Object;+2
j  org.gradle.internal.service.DefaultServiceRegistry.get(Ljava/lang/Class;)Ljava/lang/Object;+3
j  org.gradle.internal.build.DefaultBuildLifecycleControllerFactory.newInstance(Lorg/gradle/api/internal/BuildDefinition;Lorg/gradle/internal/service/ServiceRegistry;)Lorg/gradle/internal/build/BuildLifecycleController;+28
j  org.gradle.internal.cc.impl.DefaultBuildModelControllerServices$ServicesProvider.createBuildLifecycleController(Lorg/gradle/internal/build/BuildLifecycleControllerFactory;)Lorg/gradle/internal/build/BuildLifecycleController;+15
J 1881 c1 java.lang.invoke.DirectMethodHandle$Holder.invokeSpecial(Ljava/lang/Object;Ljava/lang/Object;Ljava/lang/Object;)Ljava/lang/Object; java.base@21.0.12.1 (15 bytes) @ 0x00000183abe65144 [0x00000183abe64e60+0x00000000000002e4]
j  java.lang.invoke.LambdaForm$MH+0x00000183c209c400.invoke(Ljava/lang/Object;Ljava/lang/Object;Ljava/lang/Object;)Ljava/lang/Object;+52 java.base@21.0.12.1
J 2012 c1 jdk.internal.reflect.DirectMethodHandleAccessor.invoke(Ljava/lang/Object;[Ljava/lang/Object;)Ljava/lang/Object; java.base@21.0.12.1 (92 bytes) @ 0x00000183abea96bc [0x00000183abea7ac0+0x0000000000001bfc]
J 2005 c1 java.lang.reflect.Method.invoke(Ljava/lang/Object;[Ljava/lang/Object;)Ljava/lang/Object; java.base@21.0.12.1 (108 bytes) @ 0x00000183abea5d54 [0x00000183abea5840+0x0000000000000514]
j  org.gradle.internal.reflect.JavaMethod.invoke(Ljava/lang/Object;[Ljava/lang/Object;)Ljava/lang/Object;+6
j  org.gradle.internal.service.ReflectionBasedServiceMethod.invoke(Ljava/lang/Object;[Ljava/lang/Object;)Ljava/lang/Object;+6
j  org.gradle.internal.service.DefaultServiceRegistry$FactoryMethodService.invokeMethod([Ljava/lang/Object;)Ljava/lang/Object;+28
j  org.gradle.internal.service.DefaultServiceRegistry$FactoryService.createServiceInstance()Ljava/lang/Object;+7
j  org.gradle.internal.service.DefaultServiceRegistry$FactoryMethodService.createServiceInstance()Ljava/lang/Object;+1
J 3262 c1 org.gradle.internal.service.DefaultServiceRegistry$ManagedObjectServiceProvider.getInstance()Ljava/lang/Object; (47 bytes) @ 0x00000183ac11b10c [0x00000183ac11af60+0x00000000000001ac]
J 3084 c1 org.gradle.internal.service.DefaultServiceRegistry$SingletonService.get()Ljava/lang/Object; (5 bytes) @ 0x00000183ac0be03c [0x00000183ac0bdfc0+0x000000000000007c]
j  org.gradle.internal.service.DefaultServiceRegistry.find(Ljava/lang/reflect/Type;)Ljava/lang/Object;+22
j  org.gradle.internal.service.DefaultServiceRegistry.get(Ljava/lang/reflect/Type;)Ljava/lang/Object;+2
j  org.gradle.internal.service.DefaultServiceRegistry.get(Ljava/lang/Class;)Ljava/lang/Object;+3
j  org.gradle.internal.build.AbstractBuildState.lambda$new$0()Lorg/gradle/internal/build/BuildLifecycleController;+6
j  org.gradle.internal.build.AbstractBuildState$$Lambda+0x00000183c233ddc0.get()Ljava/lang/Object;+4
j  org.gradle.internal.lazy.LockingLazy.get()Ljava/lang/Object;+22
j  org.gradle.internal.build.AbstractBuildState.getBuildController()Lorg/gradle/internal/build/BuildLifecycleController;+4
j  org.gradle.composite.internal.DefaultRootBuildState.<init>(Lorg/gradle/api/internal/BuildDefinition;Lorg/gradle/internal/buildtree/BuildTreeState;Lorg/gradle/internal/event/ListenerManager;)V+19
j  org.gradle.composite.internal.BuildStateFactory.createRootBuild(Lorg/gradle/api/internal/BuildDefinition;)Lorg/gradle/internal/build/RootBuildState;+13
j  org.gradle.composite.internal.DefaultIncludedBuildRegistry.createRootBuild(Lorg/gradle/api/internal/BuildDefinition;)Lorg/gradle/internal/build/RootBuildState;+23
j  org.gradle.launcher.exec.RootBuildLifecycleBuildActionExecutor.execute(Lorg/gradle/internal/invocation/BuildAction;Lorg/gradle/internal/buildtree/BuildTreeContext;)Lorg/gradle/internal/buildtree/BuildActionRunner$Result;+103
j  org.gradle.internal.buildtree.InitDeprecationLoggingActionExecutor.execute(Lorg/gradle/internal/invocation/BuildAction;Lorg/gradle/internal/buildtree/BuildTreeContext;)Lorg/gradle/internal/buildtree/BuildActionRunner$Result;+83
j  org.gradle.internal.buildtree.InitProblems.execute(Lorg/gradle/internal/invocation/BuildAction;Lorg/gradle/internal/buildtree/BuildTreeContext;)Lorg/gradle/internal/buildtree/BuildActionRunner$Result;+13
j  org.gradle.internal.buildtree.DefaultBuildTreeContext.execute(Lorg/gradle/internal/invocation/BuildAction;)Lorg/gradle/internal/buildtree/BuildActionRunner$Result;+64
j  org.gradle.launcher.exec.BuildTreeLifecycleBuildActionExecutor.lambda$execute$0(Lorg/gradle/internal/invocation/BuildAction;Lorg/gradle/internal/buildtree/BuildTreeContext;)Lorg/gradle/internal/buildtree/BuildActionRunner$Result;+2
j  org.gradle.launcher.exec.BuildTreeLifecycleBuildActionExecutor$$Lambda+0x00000183c22b28d0.apply(Ljava/lang/Object;)Ljava/lang/Object;+8
j  org.gradle.internal.buildtree.BuildTreeState.run(Ljava/util/function/Function;)Ljava/lang/Object;+47
j  org.gradle.launcher.exec.BuildTreeLifecycleBuildActionExecutor.execute(Lorg/gradle/internal/invocation/BuildAction;Lorg/gradle/internal/session/BuildSessionContext;)Lorg/gradle/internal/buildtree/BuildActionRunner$Result;+74
j  org.gradle.launcher.exec.RunAsBuildOperationBuildActionExecutor$2.call(Lorg/gradle/internal/operations/BuildOperationContext;)Lorg/gradle/internal/buildtree/BuildActionRunner$Result;+25
j  org.gradle.launcher.exec.RunAsBuildOperationBuildActionExecutor$2.call(Lorg/gradle/internal/operations/BuildOperationContext;)Ljava/lang/Object;+2
j  org.gradle.internal.operations.DefaultBuildOperationRunner$CallableBuildOperationWorker.execute(Lorg/gradle/internal/operations/CallableBuildOperation;Lorg/gradle/internal/operations/BuildOperationContext;)V+3
j  org.gradle.internal.operations.DefaultBuildOperationRunner$CallableBuildOperationWorker.execute(Lorg/gradle/internal/operations/BuildOperation;Lorg/gradle/internal/operations/BuildOperationContext;)V+6
j  org.gradle.internal.operations.DefaultBuildOperationRunner$2.execute(Lorg/gradle/internal/operations/BuildOperationDescriptor;Lorg/gradle/internal/operations/BuildOperationState;Lorg/gradle/internal/operations/BuildOperationState;Lorg/gradle/internal/operations/DefaultBuildOperationRunner$ReadableBuildOperationContext;Lorg/gradle/internal/operations/DefaultBuildOperationRunner$BuildOperationExecutionListener;)Lorg/gradle/internal/operations/BuildOperation;+22
j  org.gradle.internal.operations.DefaultBuildOperationRunner$2.execute(Lorg/gradle/internal/operations/BuildOperationDescriptor;Lorg/gradle/internal/operations/BuildOperationState;Lorg/gradle/internal/operations/BuildOperationState;Lorg/gradle/internal/operations/DefaultBuildOperationRunner$ReadableBuildOperationContext;Lorg/gradle/internal/operations/DefaultBuildOperationRunner$BuildOperationExecutionListener;)Ljava/lang/Object;+8
j  org.gradle.internal.operations.DefaultBuildOperationRunner.execute(Lorg/gradle/internal/operations/BuildOperationDescriptor$Builder;Lorg/gradle/internal/operations/BuildOperationState;Lorg/gradle/internal/operations/DefaultBuildOperationRunner$BuildOperationExecution;)Ljava/lang/Object;+141
j  org.gradle.internal.operations.DefaultBuildOperationRunner.execute(Lorg/gradle/internal/operations/BuildOperation;Lorg/gradle/internal/operations/BuildOperationWorker;Lorg/gradle/internal/operations/BuildOperationState;)V+18
j  org.gradle.internal.operations.DefaultBuildOperationRunner.call(Lorg/gradle/internal/operations/CallableBuildOperation;)Ljava/lang/Object;+16
j  org.gradle.launcher.exec.RunAsBuildOperationBuildActionExecutor.execute(Lorg/gradle/internal/invocation/BuildAction;Lorg/gradle/internal/session/BuildSessionContext;)Lorg/gradle/internal/buildtree/BuildActionRunner$Result;+23
j  org.gradle.launcher.exec.RunAsWorkerThreadBuildActionExecutor.lambda$execute$0(Lorg/gradle/internal/invocation/BuildAction;Lorg/gradle/internal/session/BuildSessionContext;)Lorg/gradle/internal/buildtree/BuildActionRunner$Result;+6
j  org.gradle.launcher.exec.RunAsWorkerThreadBuildActionExecutor$$Lambda+0x00000183c227e400.create()Ljava/lang/Object;+12
j  org.gradle.internal.work.DefaultWorkerLeaseService.withLocks(Ljava/util/Collection;Lorg/gradle/internal/Factory;)Ljava/lang/Object;+28
j  org.gradle.internal.work.DefaultWorkerLeaseService.runAsWorkerThread(Lorg/gradle/internal/Factory;)Ljava/lang/Object;+33
j  org.gradle.launcher.exec.RunAsWorkerThreadBuildActionExecutor.execute(Lorg/gradle/internal/invocation/BuildAction;Lorg/gradle/internal/session/BuildSessionContext;)Lorg/gradle/internal/buildtree/BuildActionRunner$Result;+12
j  org.gradle.tooling.internal.provider.continuous.ContinuousBuildActionExecutor.execute(Lorg/gradle/internal/invocation/BuildAction;Lorg/gradle/internal/session/BuildSessionContext;)Lorg/gradle/internal/buildtree/BuildActionRunner$Result;+58
j  org.gradle.tooling.internal.provider.SubscribableBuildActionExecutor.execute(Lorg/gradle/internal/invocation/BuildAction;Lorg/gradle/internal/session/BuildSessionContext;)Lorg/gradle/internal/buildtree/BuildActionRunner$Result;+30
j  org.gradle.internal.session.DefaultBuildSessionContext.execute(Lorg/gradle/internal/invocation/BuildAction;)Lorg/gradle/internal/buildtree/BuildActionRunner$Result;+64
j  org.gradle.internal.buildprocess.execution.BuildSessionLifecycleBuildActionExecutor$ActionImpl.apply(Lorg/gradle/internal/session/BuildSessionContext;)Lorg/gradle/launcher/exec/BuildActionResult;+6
j  org.gradle.internal.buildprocess.execution.BuildSessionLifecycleBuildActionExecutor$ActionImpl.apply(Ljava/lang/Object;)Ljava/lang/Object;+5
j  org.gradle.internal.session.BuildSessionState.run(Ljava/util/function/Function;)Ljava/lang/Object;+5
j  org.gradle.internal.buildprocess.execution.BuildSessionLifecycleBuildActionExecutor.execute(Lorg/gradle/internal/invocation/BuildAction;Lorg/gradle/launcher/exec/BuildActionParameters;Lorg/gradle/initialization/BuildRequestContext;)Lorg/gradle/launcher/exec/BuildActionResult;+95
j  org.gradle.internal.buildprocess.execution.BuildSessionLifecycleBuildActionExecutor.execute(Lorg/gradle/internal/invocation/BuildAction;Ljava/lang/Object;Ljava/lang/Object;)Lorg/gradle/launcher/exec/BuildActionResult;+10
j  org.gradle.internal.buildprocess.execution.StartParamsValidatingActionExecutor.execute(Lorg/gradle/internal/invocation/BuildAction;Lorg/gradle/launcher/exec/BuildActionParameters;Lorg/gradle/initialization/BuildRequestContext;)Lorg/gradle/launcher/exec/BuildActionResult;+142
j  org.gradle.internal.buildprocess.execution.StartParamsValidatingActionExecutor.execute(Lorg/gradle/internal/invocation/BuildAction;Ljava/lang/Object;Ljava/lang/Object;)Lorg/gradle/launcher/exec/BuildActionResult;+10
j  org.gradle.internal.buildprocess.execution.SessionFailureReportingActionExecutor.execute(Lorg/gradle/internal/invocation/BuildAction;Lorg/gradle/launcher/exec/BuildActionParameters;Lorg/gradle/initialization/BuildRequestContext;)Lorg/gradle/launcher/exec/BuildActionResult;+7
j  org.gradle.internal.buildprocess.execution.SessionFailureReportingActionExecutor.execute(Lorg/gradle/internal/invocation/BuildAction;Ljava/lang/Object;Ljava/lang/Object;)Lorg/gradle/launcher/exec/BuildActionResult;+10
j  org.gradle.internal.buildprocess.execution.SetupLoggingActionExecutor.execute(Lorg/gradle/internal/invocation/BuildAction;Lorg/gradle/launcher/exec/BuildActionParameters;Lorg/gradle/initialization/BuildRequestContext;)Lorg/gradle/launcher/exec/BuildActionResult;+50
j  org.gradle.internal.buildprocess.execution.SetupLoggingActionExecutor.execute(Lorg/gradle/internal/invocation/BuildAction;Ljava/lang/Object;Ljava/lang/Object;)Lorg/gradle/launcher/exec/BuildActionResult;+10
j  org.gradle.launcher.daemon.server.exec.ExecuteBuild.doBuild(Lorg/gradle/launcher/daemon/server/api/DaemonCommandExecution;Lorg/gradle/launcher/daemon/protocol/Build;)V+147
j  org.gradle.launcher.daemon.server.exec.BuildCommandOnly.execute(Lorg/gradle/launcher/daemon/server/api/DaemonCommandExecution;)V+49
j  org.gradle.launcher.daemon.server.api.DaemonCommandExecution.proceed()Z+23
j  org.gradle.launcher.daemon.server.exec.WatchForDisconnection.execute(Lorg/gradle/launcher/daemon/server/api/DaemonCommandExecution;)V+19
j  org.gradle.launcher.daemon.server.api.DaemonCommandExecution.proceed()Z+23
j  org.gradle.launcher.daemon.server.exec.ResetDeprecationLogger.execute(Lorg/gradle/launcher/daemon/server/api/DaemonCommandExecution;)V+7
j  org.gradle.launcher.daemon.server.api.DaemonCommandExecution.proceed()Z+23
j  org.gradle.launcher.daemon.server.exec.RequestStopIfSingleUsedDaemon.execute(Lorg/gradle/launcher/daemon/server/api/DaemonCommandExecution;)V+33
j  org.gradle.launcher.daemon.server.api.DaemonCommandExecution.proceed()Z+23
j  org.gradle.launcher.daemon.server.exec.ForwardClientInput.lambda$execute$0(Lorg/gradle/launcher/daemon/server/api/DaemonCommandExecution;Lorg/gradle/internal/daemon/clientinput/StdinHandler;)Ljava/lang/Object;+11
j  org.gradle.launcher.daemon.server.exec.ForwardClientInput$$Lambda+0x00000183c218e5c8.apply(Ljava/lang/Object;)Ljava/lang/Object;+8
j  org.gradle.internal.daemon.clientinput.ClientInputForwarder.forwardInput(Ljava/util/function/Function;)Ljava/lang/Object;+46
j  org.gradle.launcher.daemon.server.exec.ForwardClientInput.execute(Lorg/gradle/launcher/daemon/server/api/DaemonCommandExecution;)V+10
j  org.gradle.launcher.daemon.server.api.DaemonCommandExecution.proceed()Z+23
j  org.gradle.launcher.daemon.server.exec.LogAndCheckHealth.execute(Lorg/gradle/launcher/daemon/server/api/DaemonCommandExecution;)V+51
j  org.gradle.launcher.daemon.server.api.DaemonCommandExecution.proceed()Z+23
j  org.gradle.launcher.daemon.server.exec.LogToClient.doBuild(Lorg/gradle/launcher/daemon/server/api/DaemonCommandExecution;Lorg/gradle/launcher/daemon/protocol/Build;)V+87
j  org.gradle.launcher.daemon.server.exec.BuildCommandOnly.execute(Lorg/gradle/launcher/daemon/server/api/DaemonCommandExecution;)V+49
j  org.gradle.launcher.daemon.server.api.DaemonCommandExecution.proceed()Z+23
j  org.gradle.launcher.daemon.server.exec.EstablishBuildEnvironment.doBuild(Lorg/gradle/launcher/daemon/server/api/DaemonCommandExecution;Lorg/gradle/launcher/daemon/protocol/Build;)V+356
j  org.gradle.launcher.daemon.server.exec.BuildCommandOnly.execute(Lorg/gradle/launcher/daemon/server/api/DaemonCommandExecution;)V+49
j  org.gradle.launcher.daemon.server.api.DaemonCommandExecution.proceed()Z+23
j  org.gradle.launcher.daemon.server.exec.StartBuildOrRespondWithBusy$1.run()V+44
j  org.gradle.launcher.daemon.server.DaemonStateCoordinator.lambda$runCommand$0(Ljava/lang/Runnable;)V+1
j  org.gradle.launcher.daemon.server.DaemonStateCoordinator$$Lambda+0x00000183c218d360.run()V+8
j  org.gradle.internal.concurrent.ExecutorPolicy$CatchAndRecordFailures.onExecute(Ljava/lang/Runnable;)V+1
J 2664 c1 org.gradle.internal.concurrent.AbstractManagedExecutor$1.run()V (57 bytes) @ 0x00000183abfc62ec [0x00000183abfc6120+0x00000000000001cc]
j  java.util.concurrent.ThreadPoolExecutor.runWorker(Ljava/util/concurrent/ThreadPoolExecutor$Worker;)V+92 java.base@21.0.12.1
j  java.util.concurrent.ThreadPoolExecutor$Worker.run()V+5 java.base@21.0.12.1
j  java.lang.Thread.runWith(Ljava/lang/Object;Ljava/lang/Runnable;)V+5 java.base@21.0.12.1
j  java.lang.Thread.run()V+19 java.base@21.0.12.1
v  ~StubRoutines::call_stub 0x00000183b303100d

Compiled method (n/a) 341795  782     n 0       java.lang.ClassLoader::defineClass1 (native)
 total in heap  [0x00000183b3629f10,0x00000183b362a4a8] = 1432
 relocation     [0x00000183b362a070,0x00000183b362a0a8] = 56
 main code      [0x00000183b362a0c0,0x00000183b362a4a1] = 993
 stub code      [0x00000183b362a4a1,0x00000183b362a4a8] = 7

[Constant Pool (empty)]

[MachCode]
[Entry Point]
  # {method} {0x00000183c1434c38} 'defineClass1' '(Ljava/lang/ClassLoader;Ljava/lang/String;[BIILjava/security/ProtectionDomain;Ljava/lang/String;)Ljava/lang/Class;' in 'java/lang/ClassLoader'
  # parm0:    rdx:rdx   = 'java/lang/ClassLoader'
  # parm1:    r8:r8     = 'java/lang/String'
  # parm2:    r9:r9     = '[B'
  # parm3:    rdi       = int
  # parm4:    rsi       = int
  # parm5:    rcx:rcx   = 'java/security/ProtectionDomain'
  # parm6:    [sp+0xa0]   = 'java/lang/String'  (sp of caller)
  0x00000183b362a0c0: 448b 5208 | 49bb 0000 | 00c1 8301 | 0000 4d03 | d349 3bc2 | 0f84 0600 

  0x00000183b362a0d8: ;   {runtime_call ic_miss_stub}
  0x00000183b362a0d8: 0000 e9a1 | 46a5 ff90 
[Verified Entry Point]
  0x00000183b362a0e0: 8984 2400 | 80ff ff55 | 488b ec48 | 81ec 9000 | 0000 6690 | 4181 7f20 | 0300 0000 

  0x00000183b362a0fc: ;   {runtime_call StubRoutines (final stubs)}
  0x00000183b362a0fc: 7405 e89d | c3a3 ff48 | 837d 1000 | 488d 4510 | 480f 4445 | 1048 8944 | 2440 4889 | 4c24 7048 
  0x00000183b362a11c: 83f9 0048 | 8d44 2470 | 480f 4444 | 2470 4889 | 4424 3848 | 8974 2430 | 4889 7c24 | 284c 894c 
  0x00000183b362a13c: 2458 4983 | f900 488d | 4424 5848 | 0f44 4424 | 5848 8944 | 2420 4c89 | 4424 5049 | 83f8 004c 
  0x00000183b362a15c: 8d4c 2450 | 4c0f 444c | 2450 4889 | 5424 4848 | 83fa 004c | 8d44 2448 | 4c0f 4444 

  0x00000183b362a178: ;   {oop(a 'java/lang/Class'{0x0000000080593080} = 'java/lang/ClassLoader')}
  0x00000183b362a178: 2448 49be | 8030 5980 | 0000 0000 | 4c89 7424 | 784c 8d74 | 2478 498b | d6c5 f877 

  0x00000183b362a194: ;   {internal_word}
  0x00000183b362a194: 49ba 91a1 | 62b3 8301 | 0000 4d89 | 97a8 0300 | 0049 89a7 | a003 0000 

  0x00000183b362a1ac: ;   {external_word}
  0x00000183b362a1ac: 49ba 066d | 1db8 ff7f | 0000 4180 | 3a00 0f84 | 4e00 0000 | 5241 5041 

  0x00000183b362a1c4: ;   {metadata({method} {0x00000183c1434c38} 'defineClass1' '(Ljava/lang/ClassLoader;Ljava/lang/String;[BIILjava/security/ProtectionDomain;Ljava/lang/String;)Ljava/lang/Class;' in 'java/lang/ClassLoader')}
  0x00000183b362a1c4: 5148 ba30 | 4c43 c183 | 0100 0049 | 8bcf 4883 | ec20 40f6 | c40f 0f84 | 1900 0000 | 4883 ec08 
  0x00000183b362a1e4: ;   {runtime_call}
  0x00000183b362a1e4: 48b8 e0ea | c6b7 ff7f | 0000 ffd0 | 4883 c408 | e90c 0000 

  0x00000183b362a1f8: ;   {runtime_call}
  0x00000183b362a1f8: 0048 b8e0 | eac6 b7ff | 7f00 00ff | d048 83c4 | 2041 5941 | 585a 498d | 8fc0 0300 | 0041 c787 
  0x00000183b362a218: 4c04 0000 | 0400 0000 

  0x00000183b362a220: ;   {runtime_call}
  0x00000183b362a220: 48b8 ac16 | d66e f87f | 0000 ffd0 | c5f8 7741 | c787 4c04 | 0000 0500 | 0000 f083 | 4424 c000 
  0x00000183b362a240: 493b af50 | 0400 000f | 870e 0000 | 0041 83bf | 4804 0000 | 000f 842b | 0000 00c5 | f877 4889 
  0x00000183b362a260: 45f8 498b | cf4c 8be4 | 4883 ec20 | 4883 e4f0 

  0x00000183b362a270: ;   {runtime_call}
  0x00000183b362a270: 48b8 0058 | 92b7 ff7f | 0000 ffd0 | 498b e44d | 33e4 488b | 45f8 41c7 | 874c 0400 | 0008 0000 
  0x00000183b362a290: 0041 83bf | c804 0000 | 020f 84d5 

  0x00000183b362a29c: ;   {external_word}
  0x00000183b362a29c: 0100 0049 | ba06 6d1d | b8ff 7f00 | 0041 803a | 000f 844c | 0000 0048 

  0x00000183b362a2b4: ;   {metadata({method} {0x00000183c1434c38} 'defineClass1' '(Ljava/lang/ClassLoader;Ljava/lang/String;[BIILjava/security/ProtectionDomain;Ljava/lang/String;)Ljava/lang/Class;' in 'java/lang/ClassLoader')}
  0x00000183b362a2b4: 8945 f848 | ba30 4c43 | c183 0100 | 0049 8bcf | 4883 ec20 | 40f6 c40f | 0f84 1900 | 0000 4883 
  0x00000183b362a2d4: ;   {runtime_call}
  0x00000183b362a2d4: ec08 48b8 | e0ea c6b7 | ff7f 0000 | ffd0 4883 | c408 e90c 

  0x00000183b362a2e8: ;   {runtime_call}
  0x00000183b362a2e8: 0000 0048 | b8e0 eac6 | b7ff 7f00 | 00ff d048 | 83c4 2048 | 8b45 f849 | c787 a003 | 0000 0000 
  0x00000183b362a308: 0000 49c7 | 87a8 0300 | 0000 0000 | 00c5 f877 | 4885 c00f | 8430 0100 | 00a8 030f | 8508 0000 
  0x00000183b362a328: 0048 8b00 | e920 0100 | 00a8 010f | 8509 0000 | 0048 8b40 | fee9 0f01 | 0000 488b | 40ff 4180 
  0x00000183b362a348: 7f40 000f | 8400 0100 | 0048 83f8 | 000f 84f6 | 0000 0049 | 8b4f 2848 | 83f9 000f | 8414 0000 
  0x00000183b362a368: 0048 83e9 | 0849 894f | 2849 034f | 3848 8901 | e9d4 0000 | 0048 83ec | 7048 8904 | 2448 894c 
  0x00000183b362a388: 2408 4889 | 5424 104c | 8944 2418 | 4c89 4c24 | 204c 8954 | 2428 4c89 | 5c24 30c5 | fb11 4424 
  0x00000183b362a3a8: 40c5 fb11 | 4c24 48c5 | fb11 5424 | 50c5 fb11 | 5c24 58c5 | fb11 6424 | 60c5 fb11 | 6c24 6849 
  0x00000183b362a3c8: 8bd7 488b | c848 83ec | 2040 f6c4 | 0f0f 8419 | 0000 0048 

  0x00000183b362a3dc: ;   {runtime_call}
  0x00000183b362a3dc: 83ec 0848 | b820 a485 | b7ff 7f00 | 00ff d048 | 83c4 08e9 | 0c00 0000 

  0x00000183b362a3f4: ;   {runtime_call}
  0x00000183b362a3f4: 48b8 20a4 | 85b7 ff7f | 0000 ffd0 | 4883 c420 | c5fb 106c | 2468 c5fb | 1064 2460 | c5fb 105c 
  0x00000183b362a414: 2458 c5fb | 1054 2450 | c5fb 104c | 2448 c5fb | 1044 2440 | 4c8b 5c24 | 304c 8b54 | 2428 4c8b 
  0x00000183b362a434: 4c24 204c | 8b44 2418 | 488b 5424 | 1048 8b4c | 2408 488b | 0424 4883 | c470 c5f8 | 7749 8b8f 
  0x00000183b362a454: 3004 0000 | c781 0001 | 0000 0000 | 0000 c949 | 837f 0800 | 0f85 0100 

  0x00000183b362a46c: ;   {runtime_call StubRoutines (initial stubs)}
  0x00000183b362a46c: 0000 c3e9 | 8c6a a0ff | c5f8 7748 | 8945 f84c | 8be4 4883 | ec20 4883 

  0x00000183b362a484: ;   {runtime_call}
  0x00000183b362a484: e4f0 48b8 | 3022 c7b7 | ff7f 0000 | ffd0 498b | e44d 33e4 | 488b 45f8 | e9fe fdff | fff4 f4f4 
  0x00000183b362a4a4: f4f4 f4f4 
[/MachCode]


Compiled method (c1) 342742 1210       3       java.lang.ClassLoader::defineClass (43 bytes)
 total in heap  [0x00000183abd11190,0x00000183abd11ae0] = 2384
 relocation     [0x00000183abd112f0,0x00000183abd11390] = 160
 main code      [0x00000183abd113a0,0x00000183abd11838] = 1176
 stub code      [0x00000183abd11838,0x00000183abd118b0] = 120
 metadata       [0x00000183abd118b0,0x00000183abd118e0] = 48
 scopes data    [0x00000183abd118e0,0x00000183abd119d0] = 240
 scopes pcs     [0x00000183abd119d0,0x00000183abd11ab0] = 224
 dependencies   [0x00000183abd11ab0,0x00000183abd11ab8] = 8
 nul chk table  [0x00000183abd11ab8,0x00000183abd11ae0] = 40

[Constant Pool (empty)]

[MachCode]
[Entry Point]
  # {method} {0x00000183c1434fb8} 'defineClass' '(Ljava/lang/String;[BIILjava/security/ProtectionDomain;)Ljava/lang/Class;' in 'java/lang/ClassLoader'
  # this:     rdx:rdx   = 'java/lang/ClassLoader'
  # parm0:    r8:r8     = 'java/lang/String'
  # parm1:    r9:r9     = '[B'
  # parm2:    rdi       = int
  # parm3:    rsi       = int
  # parm4:    rcx:rcx   = 'java/security/ProtectionDomain'
  #           [sp+0xc0]  (sp of caller)
  0x00000183abd113a0: 448b 5208 | 49bb 0000 | 00c1 8301 | 0000 4d03 | d34c 3bd0 

  0x00000183abd113b4: ;   {runtime_call ic_miss_stub}
  0x00000183abd113b4: 0f85 c6d3 | 3607 660f | 1f44 0000 
[Verified Entry Point]
  0x00000183abd113c0: 8984 2400 | 80ff ff55 | 4881 ecb0 | 0000 0090 | 4181 7f20 | 0300 0000 

  0x00000183abd113d8: ;   {runtime_call StubRoutines (final stubs)}
  0x00000183abd113d8: 7405 e8c1 | 5035 0748 | 8954 2478 

  0x00000183abd113e4: ;   {metadata(method data for {method} {0x00000183c1434fb8} 'defineClass' '(Ljava/lang/String;[BIILjava/security/ProtectionDomain;)Ljava/lang/Class;' in 'java/lang/ClassLoader')}
  0x00000183abd113e4: 48bb c0fb | 1802 8401 | 0000 8b83 | cc00 0000 | 83c0 0289 | 83cc 0000 | 0025 fe07 | 0000 85c0 
  0x00000183abd11404: 0f84 5003 | 0000 89b4 | 2494 0000 | 0089 bc24 | 9000 0000 | 4c89 8c24 | 8800 0000 

  0x00000183abd11420: ;   {metadata(method data for {method} {0x00000183c1434fb8} 'defineClass' '(Ljava/lang/String;[BIILjava/security/ProtectionDomain;)Ljava/lang/Class;' in 'java/lang/ClassLoader')}
  0x00000183abd11420: 488b da48 | b8c0 fb18 | 0284 0100 | 0048 8380 | 1001 0000 | 0149 8bd8 | 4c8b c34c | 8bc9 488b 
  0x00000183abd11440: ca48 8bd1 | 4889 9c24 | 8000 0000 

  0x00000183abd1144c: ;   {optimized virtual_call}
  0x00000183abd1144c: 6666 90e8 

  0x00000183abd11450: ; ImmutableOopMap {[120]=Oop [128]=Oop [136]=Oop }
                      ;*invokevirtual preDefineClass {reexecute=0 rethrow=0 return_oop=0}
                      ; - java.lang.ClassLoader::defineClass@4
  0x00000183abd11450: 4c0a 0000 

  0x00000183abd11454: ;   {other}
  0x00000183abd11454: 0f1f 8400 | c402 0000 | 4889 8424 | 9800 0000 | 488b 5424 

  0x00000183abd11468: ;   {metadata(method data for {method} {0x00000183c1434fb8} 'defineClass' '(Ljava/lang/String;[BIILjava/security/ProtectionDomain;)Ljava/lang/Class;' in 'java/lang/ClassLoader')}
  0x00000183abd11468: 7849 b8c0 | fb18 0284 | 0100 0049 | 8380 4801 

  0x00000183abd11478: ;   {metadata(method data for {method} {0x00000183c1434ca0} 'defineClassSourceLocation' '(Ljava/security/ProtectionDomain;)Ljava/lang/String;' in 'java/lang/ClassLoader')}
  0x00000183abd11478: 0000 0149 | b858 0719 | 0284 0100 | 0041 8b90 | cc00 0000 | 83c2 0241 | 8990 cc00 | 0000 81e2 
  0x00000183abd11498: feff 1f00 | 85d2 0f84 | d702 0000 

  0x00000183abd114a4: ; implicit exception: dispatches to 0x00000183abd1179c
  0x00000183abd114a4: 483b 004c 

  0x00000183abd114a8: ;   {metadata(method data for {method} {0x00000183c1434ca0} 'defineClassSourceLocation' '(Ljava/security/ProtectionDomain;)Ljava/lang/String;' in 'java/lang/ClassLoader')}
  0x00000183abd114a8: 8bc0 48ba | 5807 1902 | 8401 0000 | 4883 8210 | 0100 0001 | 448b 4010 

  0x00000183abd114c0: ;   {metadata(method data for {method} {0x00000183c1434ca0} 'defineClassSourceLocation' '(Ljava/security/ProtectionDomain;)Ljava/lang/String;' in 'java/lang/ClassLoader')}
  0x00000183abd114c0: 4d85 c048 | ba58 0719 | 0284 0100 | 0048 c7c6 | 5801 0000 | 7507 48c7 | c648 0100 | 0048 8b3c 
  0x00000183abd114e0: 3248 8d7f | 0148 893c | 320f 850f 

  0x00000183abd114ec: ;   {oop(nullptr)}
  0x00000183abd114ec: 0000 0048 | bb00 0000 | 0000 0000 | 00e9 a101 | 0000 493b | 0049 8bd0 

  0x00000183abd11504: ;   {metadata(method data for {method} {0x00000183c1434ca0} 'defineClassSourceLocation' '(Ljava/security/ProtectionDomain;)Ljava/lang/String;' in 'java/lang/ClassLoader')}
  0x00000183abd11504: 48be 5807 | 1902 8401 | 0000 4883 | 8668 0100 | 0001 418b | 500c 4885 

  0x00000183abd1151c: ;   {metadata(method data for {method} {0x00000183c1434ca0} 'defineClassSourceLocation' '(Ljava/security/ProtectionDomain;)Ljava/lang/String;' in 'java/lang/ClassLoader')}
  0x00000183abd1151c: d248 be58 | 0719 0284 | 0100 0048 | c7c7 b001 | 0000 7507 | 48c7 c7a0 | 0100 0048 | 8b1c 3e48 
  0x00000183abd1153c: 8d5b 0148 | 891c 3e0f | 850f 0000 

  0x00000183abd11548: ;   {oop(nullptr)}
  0x00000183abd11548: 0048 bb00 | 0000 0000 | 0000 00e9 | 4701 0000 

  0x00000183abd11558: ;   {metadata(method data for {method} {0x00000183c1434ca0} 'defineClassSourceLocation' '(Ljava/security/ProtectionDomain;)Ljava/lang/String;' in 'java/lang/ClassLoader')}
  0x00000183abd11558: 48be 5807 | 1902 8401 | 0000 4883 | 86c0 0100 | 0001 483b | 024c 8bc2 

  0x00000183abd11570: ;   {metadata(method data for {method} {0x00000183c1434ca0} 'defineClassSourceLocation' '(Ljava/security/ProtectionDomain;)Ljava/lang/String;' in 'java/lang/ClassLoader')}
  0x00000183abd11570: 48be 5807 | 1902 8401 | 0000 4883 | 86f8 0100 

  0x00000183abd11580: ;   {metadata(method data for {method} {0x00000183c101abf0} 'toString' '()Ljava/lang/String;' in 'java/net/URL')}
  0x00000183abd11580: 0001 49b8 | 68f9 1602 | 8401 0000 | 418b b0cc | 0000 0083 | c602 4189 | b0cc 0000 | 0081 e6fe 
  0x00000183abd115a0: ff1f 0085 | f60f 8400 | 0200 004c 

  0x00000183abd115ac: ;   {metadata(method data for {method} {0x00000183c101abf0} 'toString' '()Ljava/lang/String;' in 'java/net/URL')}
  0x00000183abd115ac: 8bc2 48be | 68f9 1602 | 8401 0000 | 4883 8610 | 0100 0001 

  0x00000183abd115c0: ;   {metadata(method data for {method} {0x00000183c1428840} 'toExternalForm' '()Ljava/lang/String;' in 'java/net/URL')}
  0x00000183abd115c0: 49b8 f0fa | 1602 8401 | 0000 418b | b0cc 0000 | 0083 c602 | 4189 b0cc | 0000 0081 | e6fe ff1f 
  0x00000183abd115e0: 0085 f60f | 84e3 0100 | 008b 7238 

  0x00000183abd115ec: ; implicit exception: dispatches to 0x00000183abd117ed
  0x00000183abd115ec: 483b 064c 

  0x00000183abd115f0: ;   {metadata(method data for {method} {0x00000183c1428840} 'toExternalForm' '()Ljava/lang/String;' in 'java/net/URL')}
  0x00000183abd115f0: 8bc6 48bf | f0fa 1602 | 8401 0000 | 458b 4008 | 49ba 0000 | 00c1 8301 | 0000 4d03 | c24c 3b87 
  0x00000183abd11610: 2001 0000 | 750d 4883 | 8728 0100 | 0001 e960 | 0000 004c | 3b87 3001 | 0000 750d | 4883 8738 
  0x00000183abd11630: 0100 0001 | e94a 0000 | 0048 83bf | 2001 0000 | 0075 174c | 8987 2001 | 0000 48c7 | 8728 0100 
  0x00000183abd11650: 0001 0000 | 00e9 2900 | 0000 4883 | bf30 0100 | 0000 7517 | 4c89 8730 | 0100 0048 | c787 3801 
  0x00000183abd11670: 0000 0100 | 0000 e908 | 0000 0048 | 8387 1001 | 0000 014c | 8bc2 488b | d666 0f1f 

  0x00000183abd1168c: ;   {optimized virtual_call}
  0x00000183abd1168c: 4400 00e8 

  0x00000183abd11690: ; ImmutableOopMap {[120]=Oop [128]=Oop [136]=Oop [152]=Oop }
                      ;*invokevirtual toExternalForm {reexecute=0 rethrow=0 return_oop=0}
                      ; - java.net.URL::toExternalForm@5
                      ; - java.net.URL::toString@1
                      ; - java.lang.ClassLoader::defineClassSourceLocation@22
                      ; - java.lang.ClassLoader::defineClass@12
  0x00000183abd11690: 8c17 f9ff 

  0x00000183abd11694: ;   {other}
  0x00000183abd11694: 0f1f 8400 | 0405 0001 | 488b d848 | 8b84 2498 | 0000 008b | b424 9400 | 0000 8bbc | 2490 0000 
  0x00000183abd116b4: 004c 8b8c | 2488 0000 | 004c 8b84 | 2480 0000 | 0048 8b54 

  0x00000183abd116c8: ;   {metadata(method data for {method} {0x00000183c1434fb8} 'defineClass' '(Ljava/lang/String;[BIILjava/security/ProtectionDomain;)Ljava/lang/Class;' in 'java/lang/ClassLoader')}
  0x00000183abd116c8: 2478 48b9 | c0fb 1802 | 8401 0000 | 4883 8180 | 0100 0001 | 4c8b da49 | 8bd3 488b | c848 891c 
  0x00000183abd116e8: 2466 0f1f 

  0x00000183abd116ec: ;   {static_call}
  0x00000183abd116ec: 4400 00e8 

  0x00000183abd116f0: ; ImmutableOopMap {[120]=Oop [152]=Oop }
                      ;*invokestatic defineClass1 {reexecute=0 rethrow=0 return_oop=0}
                      ; - java.lang.ClassLoader::defineClass@27
  0x00000183abd116f0: ec89 9107 

  0x00000183abd116f4: ;   {other}
  0x00000183abd116f4: 0f1f 8400 | 6405 0002 | 488b 5424 

  0x00000183abd11700: ;   {metadata(method data for {method} {0x00000183c1434fb8} 'defineClass' '(Ljava/lang/String;[BIILjava/security/ProtectionDomain;)Ljava/lang/Class;' in 'java/lang/ClassLoader')}
  0x00000183abd11700: 7849 b8c0 | fb18 0284 | 0100 0049 | 8380 9001 | 0000 014c | 8bc0 4c8b | 8c24 9800 | 0000 488b 
  0x00000183abd11720: 5424 7848 | 8984 24a0 | 0000 000f 

  0x00000183abd1172c: ;   {optimized virtual_call}
  0x00000183abd1172c: 1f40 00e8 

  0x00000183abd11730: ; ImmutableOopMap {[160]=Oop }
                      ;*invokevirtual postDefineClass {reexecute=0 rethrow=0 return_oop=0}
                      ; - java.lang.ClassLoader::defineClass@37
  0x00000183abd11730: ec21 0000 

  0x00000183abd11734: ;   {other}
  0x00000183abd11734: 0f1f 8400 | a405 0003 | 488b 8424 | a000 0000 | 4881 c4b0 | 0000 005d 

  0x00000183abd1174c: ;   {poll_return}
  0x00000183abd1174c: 493b a750 | 0400 000f | 8799 0000 

  0x00000183abd11758: ;   {metadata({method} {0x00000183c1434fb8} 'defineClass' '(Ljava/lang/String;[BIILjava/security/ProtectionDomain;)Ljava/lang/Class;' in 'java/lang/ClassLoader')}
  0x00000183abd11758: 00c3 49ba | b04f 43c1 | 8301 0000 | 4c89 5424 | 0848 c704 | 24ff ffff 

  0x00000183abd11770: ;   {runtime_call counter_overflow Runtime1 stub}
  0x00000183abd11770: ffe8 8a1b 

  0x00000183abd11774: ; ImmutableOopMap {rdx=Oop r8=Oop r9=Oop rcx=Oop [120]=Oop }
                      ;*synchronization entry
                      ; - java.lang.ClassLoader::defineClass@-1
  0x00000183abd11774: 4307 e98f 

  0x00000183abd11778: ;   {metadata({method} {0x00000183c1434ca0} 'defineClassSourceLocation' '(Ljava/security/ProtectionDomain;)Ljava/lang/String;' in 'java/lang/ClassLoader')}
  0x00000183abd11778: fcff ff49 | ba98 4c43 | c183 0100 | 004c 8954 | 2408 48c7 | 0424 ffff 

  0x00000183abd11790: ;   {runtime_call counter_overflow Runtime1 stub}
  0x00000183abd11790: ffff e869 

  0x00000183abd11794: ; ImmutableOopMap {rax=Oop [120]=Oop [128]=Oop [136]=Oop [152]=Oop }
                      ;*synchronization entry
                      ; - java.lang.ClassLoader::defineClassSourceLocation@-1
                      ; - java.lang.ClassLoader::defineClass@12
  0x00000183abd11794: 1b43 07e9 | 08fd ffff 

  0x00000183abd1179c: ;   {runtime_call throw_null_pointer_exception Runtime1 stub}
  0x00000183abd1179c: e85f c642 

  0x00000183abd117a0: ; ImmutableOopMap {rax=Oop [120]=Oop [128]=Oop [136]=Oop [152]=Oop }
                      ;*invokevirtual getCodeSource {reexecute=0 rethrow=0 return_oop=0}
                      ; - java.lang.ClassLoader::defineClassSourceLocation@1
                      ; - java.lang.ClassLoader::defineClass@12
                      ;   {runtime_call throw_null_pointer_exception Runtime1 stub}
  0x00000183abd117a0: 07e8 5ac6 

  0x00000183abd117a4: ; ImmutableOopMap {rax=Oop r8=Oop [120]=Oop [128]=Oop [136]=Oop [152]=Oop }
                      ;*invokevirtual getLocation {reexecute=0 rethrow=0 return_oop=0}
                      ; - java.lang.ClassLoader::defineClassSourceLocation@12
                      ; - java.lang.ClassLoader::defineClass@12
                      ;   {runtime_call throw_null_pointer_exception Runtime1 stub}
  0x00000183abd117a4: 4207 e855 

  0x00000183abd117a8: ; ImmutableOopMap {rdx=Oop [120]=Oop [128]=Oop [136]=Oop [152]=Oop }
                      ;*invokevirtual toString {reexecute=0 rethrow=0 return_oop=0}
                      ; - java.lang.ClassLoader::defineClassSourceLocation@22
                      ; - java.lang.ClassLoader::defineClass@12
                      ;   {metadata({method} {0x00000183c101abf0} 'toString' '()Ljava/lang/String;' in 'java/net/URL')}
  0x00000183abd117a8: c642 0749 | bae8 ab01 | c183 0100 | 004c 8954 | 2408 48c7 | 0424 ffff 

  0x00000183abd117c0: ;   {runtime_call counter_overflow Runtime1 stub}
  0x00000183abd117c0: ffff e839 

  0x00000183abd117c4: ; ImmutableOopMap {rdx=Oop [120]=Oop [128]=Oop [136]=Oop [152]=Oop }
                      ;*synchronization entry
                      ; - java.net.URL::toString@-1
                      ; - java.lang.ClassLoader::defineClassSourceLocation@22
                      ; - java.lang.ClassLoader::defineClass@12
  0x00000183abd117c4: 1b43 07e9 | dffd ffff 

  0x00000183abd117cc: ;   {metadata({method} {0x00000183c1428840} 'toExternalForm' '()Ljava/lang/String;' in 'java/net/URL')}
  0x00000183abd117cc: 49ba 3888 | 42c1 8301 | 0000 4c89 | 5424 0848 | c704 24ff 

  0x00000183abd117e0: ;   {runtime_call counter_overflow Runtime1 stub}
  0x00000183abd117e0: ffff ffe8 

  0x00000183abd117e4: ; ImmutableOopMap {rdx=Oop [120]=Oop [128]=Oop [136]=Oop [152]=Oop }
                      ;*synchronization entry
                      ; - java.net.URL::toExternalForm@-1
                      ; - java.net.URL::toString@1
                      ; - java.lang.ClassLoader::defineClassSourceLocation@22
                      ; - java.lang.ClassLoader::defineClass@12
  0x00000183abd117e4: 181b 4307 | e9fc fdff 

  0x00000183abd117ec: ;   {runtime_call throw_null_pointer_exception Runtime1 stub}
  0x00000183abd117ec: ffe8 0ec6 

  0x00000183abd117f0: ; ImmutableOopMap {rdx=Oop rsi=Oop [120]=Oop [128]=Oop [136]=Oop [152]=Oop }
                      ;*invokevirtual toExternalForm {reexecute=0 rethrow=0 return_oop=0}
                      ; - java.net.URL::toExternalForm@5
                      ; - java.net.URL::toString@1
                      ; - java.lang.ClassLoader::defineClassSourceLocation@22
                      ; - java.lang.ClassLoader::defineClass@12
                      ;   {internal_word}
  0x00000183abd117f0: 4207 49ba | 4c17 d1ab | 8301 0000 | 4d89 9768 

  0x00000183abd11800: ;   {runtime_call SafepointBlob}
  0x00000183abd11800: 0400 00e9 | 783c 3707 | 498b 8700 | 0500 0049 | c787 0005 | 0000 0000 | 0000 49c7 | 8708 0500 
  0x00000183abd11820: 0000 0000 | 0048 81c4 | b000 0000 

  0x00000183abd1182c: ;   {runtime_call unwind_exception Runtime1 stub}
  0x00000183abd1182c: 5de9 ceb6 | 4207 f4f4 | f4f4 f4f4 
[Stub Code]
  0x00000183abd11838: ;   {no_reloc}
  0x00000183abd11838: 0f1f 4400 

  0x00000183abd1183c: ;   {static_stub}
  0x00000183abd1183c: 0048 bb00 | 0000 0000 

  0x00000183abd11844: ;   {runtime_call nmethod}
  0x00000183abd11844: 0000 00e9 | fbff ffff 

  0x00000183abd1184c: ;   {static_stub}
  0x00000183abd1184c: 48bb 0000 | 0000 0000 

  0x00000183abd11854: ;   {runtime_call nmethod}
  0x00000183abd11854: 0000 e9fb 

  0x00000183abd11858: ;   {static_stub}
  0x00000183abd11858: ffff ff48 | bb00 0000 | 0000 0000 

  0x00000183abd11864: ;   {runtime_call nmethod}
  0x00000183abd11864: 00e9 fbff 

  0x00000183abd11868: ;   {static_stub}
  0x00000183abd11868: ffff 48bb | 0000 0000 | 0000 0000 

  0x00000183abd11874: ;   {runtime_call nmethod}
  0x00000183abd11874: e9fb ffff 

  0x00000183abd11878: ;   {runtime_call handle_exception_from_callee Runtime1 stub}
  0x00000183abd11878: ffe8 82e3 

  0x00000183abd1187c: ;   {external_word}
  0x00000183abd1187c: 4207 48b9 | 5063 f3b7 | ff7f 0000 | 4883 e4f0 

  0x00000183abd1188c: ;   {runtime_call}
  0x00000183abd1188c: 48b8 c0c9 | b5b7 ff7f | 0000 ffd0 

  0x00000183abd11898: ;   {section_word}
  0x00000183abd11898: f449 ba99 | 18d1 ab83 | 0100 0041 

  0x00000183abd118a4: ;   {runtime_call DeoptimizationBlob}
  0x00000183abd118a4: 52e9 762e | 3707 f4f4 | f4f4 f4f4 
[/MachCode]


Compiled method (c1) 343084 1076       3       java.security.SecureClassLoader::defineClass (16 bytes)
 total in heap  [0x00000183abcb6910,0x00000183abcb6d10] = 1024
 relocation     [0x00000183abcb6a70,0x00000183abcb6ac0] = 80
 main code      [0x00000183abcb6ac0,0x00000183abcb6c18] = 344
 stub code      [0x00000183abcb6c18,0x00000183abcb6c68] = 80
 metadata       [0x00000183abcb6c68,0x00000183abcb6c70] = 8
 scopes data    [0x00000183abcb6c70,0x00000183abcb6cb8] = 72
 scopes pcs     [0x00000183abcb6cb8,0x00000183abcb6d08] = 80
 dependencies   [0x00000183abcb6d08,0x00000183abcb6d10] = 8

[Constant Pool (empty)]

[MachCode]
[Entry Point]
  # {method} {0x00000183c104e0e8} 'defineClass' '(Ljava/lang/String;[BIILjava/security/CodeSource;)Ljava/lang/Class;' in 'java/security/SecureClassLoader'
  # this:     rdx:rdx   = 'java/security/SecureClassLoader'
  # parm0:    r8:r8     = 'java/lang/String'
  # parm1:    r9:r9     = '[B'
  # parm2:    rdi       = int
  # parm3:    rsi       = int
  # parm4:    rcx:rcx   = 'java/security/CodeSource'
  #           [sp+0x80]  (sp of caller)
  0x00000183abcb6ac0: 448b 5208 | 49bb 0000 | 00c1 8301 | 0000 4d03 | d34c 3bd0 

  0x00000183abcb6ad4: ;   {runtime_call ic_miss_stub}
  0x00000183abcb6ad4: 0f85 a67c | 3c07 660f | 1f44 0000 
[Verified Entry Point]
  0x00000183abcb6ae0: 8984 2400 | 80ff ff55 | 4883 ec70 | 4181 7f20 | 0300 0000 

  0x00000183abcb6af4: ;   {runtime_call StubRoutines (final stubs)}
  0x00000183abcb6af4: 7405 e8a5 

  0x00000183abcb6af8: ;   {metadata(method data for {method} {0x00000183c104e0e8} 'defineClass' '(Ljava/lang/String;[BIILjava/security/CodeSource;)Ljava/lang/Class;' in 'java/security/SecureClassLoader')}
  0x00000183abcb6af8: f93a 0748 | bbf8 8f17 | 0284 0100 | 008b 83cc | 0000 0083 | c002 8983 | cc00 0000 | 25fe 0700 
  0x00000183abcb6b18: 0085 c00f | 8496 0000 | 0089 7424 | 5c89 7c24 | 584c 894c | 2450 4c89 | 4424 4848 

  0x00000183abcb6b34: ;   {metadata(method data for {method} {0x00000183c104e0e8} 'defineClass' '(Ljava/lang/String;[BIILjava/security/CodeSource;)Ljava/lang/Class;' in 'java/security/SecureClassLoader')}
  0x00000183abcb6b34: 8bda 48b8 | f88f 1702 | 8401 0000 | 4883 8010 | 0100 0001 | 4c8b c148 | 8bc2 488b | d048 8944 
  0x00000183abcb6b54: ;   {optimized virtual_call}
  0x00000183abcb6b54: 2440 90e8 

  0x00000183abcb6b58: ; ImmutableOopMap {[64]=Oop [72]=Oop [80]=Oop }
                      ;*invokevirtual getProtectionDomain {reexecute=0 rethrow=0 return_oop=0}
                      ; - java.security.SecureClassLoader::defineClass@9
  0x00000183abcb6b58: c436 0000 

  0x00000183abcb6b5c: ;   {other}
  0x00000183abcb6b5c: 0f1f 8400 | 4c02 0000 | 488b 5424 

  0x00000183abcb6b68: ;   {metadata(method data for {method} {0x00000183c104e0e8} 'defineClass' '(Ljava/lang/String;[BIILjava/security/CodeSource;)Ljava/lang/Class;' in 'java/security/SecureClassLoader')}
  0x00000183abcb6b68: 4049 b8f8 | 8f17 0284 | 0100 0049 | 8380 4801 | 0000 014c | 8b44 2448 | 4c8b 4c24 | 508b 7c24 
  0x00000183abcb6b88: 588b 7424 | 5c48 8bc8 | 488b 5424 

  0x00000183abcb6b94: ;   {optimized virtual_call}
  0x00000183abcb6b94: 4066 90e8 

  0x00000183abcb6b98: ; ImmutableOopMap {}
                      ;*invokevirtual defineClass {reexecute=0 rethrow=0 return_oop=0}
                      ; - java.security.SecureClassLoader::defineClass@12
  0x00000183abcb6b98: 24a8 0500 

  0x00000183abcb6b9c: ;   {other}
  0x00000183abcb6b9c: 0f1f 8400 | 8c02 0001 | 4883 c470 

  0x00000183abcb6ba8: ;   {poll_return}
  0x00000183abcb6ba8: 5d49 3ba7 | 5004 0000 | 0f87 2200 

  0x00000183abcb6bb4: ;   {metadata({method} {0x00000183c104e0e8} 'defineClass' '(Ljava/lang/String;[BIILjava/security/CodeSource;)Ljava/lang/Class;' in 'java/security/SecureClassLoader')}
  0x00000183abcb6bb4: 0000 c349 | bae0 e004 | c183 0100 | 004c 8954 | 2408 48c7 | 0424 ffff 

  0x00000183abcb6bcc: ;   {runtime_call counter_overflow Runtime1 stub}
  0x00000183abcb6bcc: ffff e82d 

  0x00000183abcb6bd0: ; ImmutableOopMap {rdx=Oop r8=Oop r9=Oop rcx=Oop }
                      ;*synchronization entry
                      ; - java.security.SecureClassLoader::defineClass@-1
  0x00000183abcb6bd0: c748 07e9 | 49ff ffff 

  0x00000183abcb6bd8: ;   {internal_word}
  0x00000183abcb6bd8: 49ba a96b | cbab 8301 | 0000 4d89 | 9768 0400 

  0x00000183abcb6be8: ;   {runtime_call SafepointBlob}
  0x00000183abcb6be8: 00e9 92e8 | 3c07 498b | 8700 0500 | 0049 c787 | 0005 0000 | 0000 0000 | 49c7 8708 | 0500 0000 
  0x00000183abcb6c08: 0000 0048 | 83c4 705d 

  0x00000183abcb6c10: ;   {runtime_call unwind_exception Runtime1 stub}
  0x00000183abcb6c10: e9eb 6248 | 07f4 f4f4 
[Stub Code]
  0x00000183abcb6c18: ;   {no_reloc}
  0x00000183abcb6c18: 48bb 30e0 | 04c1 8301 

  0x00000183abcb6c20: ;   {runtime_call I2C/C2I adapters}
  0x00000183abcb6c20: 0000 e9c0 

  0x00000183abcb6c24: ;   {static_stub}
  0x00000183abcb6c24: d33c 0748 | bbb0 4f43 | c183 0100 

  0x00000183abcb6c30: ;   {runtime_call I2C/C2I adapters}
  0x00000183abcb6c30: 00e9 bfb9 

  0x00000183abcb6c34: ;   {runtime_call handle_exception_from_callee Runtime1 stub}
  0x00000183abcb6c34: 3b07 e8c5 

  0x00000183abcb6c38: ;   {external_word}
  0x00000183abcb6c38: 8f48 0748 | b950 63f3 | b7ff 7f00 | 0048 83e4 

  0x00000183abcb6c48: ;   {runtime_call}
  0x00000183abcb6c48: f048 b8c0 | c9b5 b7ff | 7f00 00ff 

  0x00000183abcb6c54: ;   {section_word}
  0x00000183abcb6c54: d0f4 49ba | 566c cbab | 8301 0000 

  0x00000183abcb6c60: ;   {runtime_call DeoptimizationBlob}
  0x00000183abcb6c60: 4152 e9b9 | da3c 07f4 
[/MachCode]


---------------  P R O C E S S  ---------------

Threads class SMR info:
_java_thread_list=0x0000018407279800, length=25, elements={
0x00000183a88fd090, 0x00000183c04b34e0, 0x00000183c04b3f40, 0x00000183c04bb6f0,
0x00000183c04bcb50, 0x00000183c04bdca0, 0x00000183c04be700, 0x00000183c04c04a0,
0x00000183c04c0f40, 0x00000183c0701440, 0x00000183c0761590, 0x0000018406e9f320,
0x0000018406a0e200, 0x0000018406d5d4e0, 0x0000018407110880, 0x0000018406b1dfe0,
0x0000018406063be0, 0x00000183c0789080, 0x00000183c0789da0, 0x00000183c078a430,
0x00000183c0789710, 0x00000183c0786fb0, 0x00000183c0787cd0, 0x00000183c0787640,
0x00000183c0788360
}

Java Threads: ( => current thread )
  0x00000183a88fd090 JavaThread "main"                              [_thread_blocked, id=50504, stack(0x000000815bc00000,0x000000815bd00000) (1024K)]
  0x00000183c04b34e0 JavaThread "Reference Handler"          daemon [_thread_blocked, id=36316, stack(0x000000815c500000,0x000000815c600000) (1024K)]
  0x00000183c04b3f40 JavaThread "Finalizer"                  daemon [_thread_blocked, id=49280, stack(0x000000815c600000,0x000000815c700000) (1024K)]
  0x00000183c04bb6f0 JavaThread "Signal Dispatcher"          daemon [_thread_blocked, id=48968, stack(0x000000815c700000,0x000000815c800000) (1024K)]
  0x00000183c04bcb50 JavaThread "Attach Listener"            daemon [_thread_blocked, id=29284, stack(0x000000815c800000,0x000000815c900000) (1024K)]
  0x00000183c04bdca0 JavaThread "Service Thread"             daemon [_thread_blocked, id=25204, stack(0x000000815c900000,0x000000815ca00000) (1024K)]
  0x00000183c04be700 JavaThread "Monitor Deflation Thread"   daemon [_thread_blocked, id=49052, stack(0x000000815ca00000,0x000000815cb00000) (1024K)]
  0x00000183c04c04a0 JavaThread "C2 CompilerThread0"         daemon [_thread_blocked, id=3236, stack(0x000000815cb00000,0x000000815cc00000) (1024K)]
  0x00000183c04c0f40 JavaThread "C1 CompilerThread0"         daemon [_thread_blocked, id=26404, stack(0x000000815cc00000,0x000000815cd00000) (1024K)]
  0x00000183c0701440 JavaThread "Common-Cleaner"             daemon [_thread_blocked, id=52808, stack(0x000000815cd00000,0x000000815ce00000) (1024K)]
  0x00000183c0761590 JavaThread "Notification Thread"        daemon [_thread_blocked, id=42096, stack(0x000000815ce00000,0x000000815cf00000) (1024K)]
  0x0000018406e9f320 JavaThread "Daemon health stats"               [_thread_blocked, id=25844, stack(0x000000815cf00000,0x000000815d000000) (1024K)]
  0x0000018406a0e200 JavaThread "Incoming local TCP Connector on port 54448"        [_thread_in_native, id=46176, stack(0x000000815d000000,0x000000815d100000) (1024K)]
  0x0000018406d5d4e0 JavaThread "Daemon periodic checks"            [_thread_blocked, id=38808, stack(0x000000815da00000,0x000000815db00000) (1024K)]
  0x0000018407110880 JavaThread "Daemon"                            [_thread_blocked, id=17116, stack(0x000000815dc00000,0x000000815dd00000) (1024K)]
  0x0000018406b1dfe0 JavaThread "Handler for socket connection from /127.0.0.1:54448 to /127.0.0.1:64777"        [_thread_in_native, id=41724, stack(0x000000815dd00000,0x000000815de00000) (1024K)]
  0x0000018406063be0 JavaThread "Cancel handler"                    [_thread_blocked, id=53324, stack(0x000000815de00000,0x000000815df00000) (1024K)]
=>0x00000183c0789080 JavaThread "Daemon worker"                     [_thread_in_vm, id=26064, stack(0x000000815e100000,0x000000815e200000) (1024K)]
  0x00000183c0789da0 JavaThread "Asynchronous log dispatcher for DefaultDaemonConnection: socket connection from /127.0.0.1:54448 to /127.0.0.1:64777"        [_thread_blocked, id=16156, stack(0x000000815e200000,0x000000815e300000) (1024K)]
  0x00000183c078a430 JavaThread "Stdin handler"                     [_thread_blocked, id=16152, stack(0x000000815e300000,0x000000815e400000) (1024K)]
  0x00000183c0789710 JavaThread "Daemon client event forwarder"        [_thread_blocked, id=26680, stack(0x000000815e400000,0x000000815e500000) (1024K)]
  0x00000183c0786fb0 JavaThread "Cache worker for journal cache (C:\Users\enzonascimento-ieg\.gradle\caches\journal-1)"        [_thread_blocked, id=56708, stack(0x000000815e500000,0x000000815e600000) (1024K)]
  0x00000183c0787cd0 JavaThread "File lock request listener"        [_thread_in_native, id=52564, stack(0x000000815e600000,0x000000815e700000) (1024K)]
  0x00000183c0787640 JavaThread "File lock release action executor"        [_thread_blocked, id=57880, stack(0x000000815e700000,0x000000815e800000) (1024K)]
  0x00000183c0788360 JavaThread "Cache worker for file hash cache (C:\Users\enzonascimento-ieg\.gradle\caches\9.1.0\fileHashes)"        [_thread_blocked, id=58104, stack(0x000000815e800000,0x000000815e900000) (1024K)]
Total: 25

Other Threads:
  0x00000183c0495600 VMThread "VM Thread"                           [id=32640, stack(0x000000815c400000,0x000000815c500000) (1024K)] _threads_hazard_ptr=0x0000018407279800
  0x00000183c05819e0 WatcherThread "VM Periodic Task Thread"        [id=26808, stack(0x000000815c300000,0x000000815c400000) (1024K)]
  0x00000183a89595e0 WorkerThread "GC Thread#0"                     [id=45048, stack(0x000000815be00000,0x000000815bf00000) (1024K)]
  0x000001840600b6a0 WorkerThread "GC Thread#1"                     [id=45304, stack(0x000000815d100000,0x000000815d200000) (1024K)]
  0x0000018406216050 WorkerThread "GC Thread#2"                     [id=32552, stack(0x000000815d200000,0x000000815d300000) (1024K)]
  0x0000018406202c70 WorkerThread "GC Thread#3"                     [id=23780, stack(0x000000815d300000,0x000000815d400000) (1024K)]
  0x0000018406203020 WorkerThread "GC Thread#4"                     [id=50236, stack(0x000000815d400000,0x000000815d500000) (1024K)]
  0x00000184062033d0 WorkerThread "GC Thread#5"                     [id=46944, stack(0x000000815d500000,0x000000815d600000) (1024K)]
  0x000001840602b3e0 WorkerThread "GC Thread#6"                     [id=33040, stack(0x000000815d600000,0x000000815d700000) (1024K)]
  0x000001840602b790 WorkerThread "GC Thread#7"                     [id=44440, stack(0x000000815d700000,0x000000815d800000) (1024K)]
  0x000001840602bf50 WorkerThread "GC Thread#8"                     [id=43772, stack(0x000000815d800000,0x000000815d900000) (1024K)]
  0x000001840602c300 WorkerThread "GC Thread#9"                     [id=37752, stack(0x000000815d900000,0x000000815da00000) (1024K)]
  0x00000183a896b3f0 ConcurrentGCThread "G1 Main Marker"            [id=42916, stack(0x000000815bf00000,0x000000815c000000) (1024K)]
  0x00000183a896bd10 WorkerThread "G1 Conc#0"                       [id=28216, stack(0x000000815c000000,0x000000815c100000) (1024K)]
  0x0000018406eda950 WorkerThread "G1 Conc#1"                       [id=59780, stack(0x000000815bb00000,0x000000815bc00000) (1024K)]
  0x0000018406edad00 WorkerThread "G1 Conc#2"                       [id=59084, stack(0x000000815bd00000,0x000000815be00000) (1024K)]
  0x00000183c03d6ad0 ConcurrentGCThread "G1 Refine#0"               [id=50256, stack(0x000000815c100000,0x000000815c200000) (1024K)]
  0x00000183c03d7460 ConcurrentGCThread "G1 Service"                [id=46368, stack(0x000000815c200000,0x000000815c300000) (1024K)]
Total: 18

Threads with active compile tasks:
Total: 0

VM state: synchronizing (normal execution)

VM Mutex/Monitor currently owned by a thread:  ([mutex/lock_event])
[0x00007fffb81ed530] Metaspace_lock - owner thread: 0x00000183c0789080
[0x00007fffb81ef5b0] Threads_lock - owner thread: 0x00000183c0495600

Heap address: 0x0000000080000000, size: 2048 MB, Compressed Oops mode: 32-bit

CDS archive(s) mapped at: [0x00000183c1000000-0x00000183c1ba0000-0x00000183c1ba0000), size 12189696, SharedBaseAddress: 0x00000183c1000000, ArchiveRelocationMode: 1.
Compressed class space mapped at: 0x00000183c2000000-0x0000018402000000, reserved size: 1073741824
Narrow klass base: 0x00000183c1000000, Narrow klass shift: 0, Narrow klass range: 0x100000000

GC Precious Log:
 CardTable entry size: 512
 Card Set container configuration: InlinePtr #cards 5 size 8 Array Of Cards #cards 12 size 40 Howl #buckets 4 coarsen threshold 1843 Howl Bitmap #cards 512 size 80 coarsen threshold 460 Card regions per heap region 1 cards per card region 2048
 CPUs: 12 total, 12 available
 Memory: 16068M
 Large Page Support: Disabled
 NUMA Support: Disabled
 Compressed Oops: Enabled (32-bit)
 Heap Region Size: 1M
 Heap Min Capacity: 8M
 Heap Initial Capacity: 252M
 Heap Max Capacity: 2G
 Pre-touch: Disabled
 Parallel Workers: 10
 Concurrent Workers: 3
 Concurrent Refinement Workers: 10
 Periodic GC: Disabled

Heap:
 garbage-first heap   total 81920K, used 42508K [0x0000000080000000, 0x0000000100000000)
  region size 1024K, 34 young (34816K), 14 survivors (14336K)
 Metaspace       used 23041K, committed 23744K, reserved 1114112K
  class space    used 3228K, committed 3520K, reserved 1048576K

Heap Regions: E=young(eden), S=young(survivor), O=old, HS=humongous(starts), HC=humongous(continues), CS=collection set, F=free, TAMS=top-at-mark-start, PB=parsable bottom
|   0|0x0000000080000000, 0x0000000080100000, 0x0000000080100000|100%|HS|  |TAMS 0x0000000080000000| PB 0x0000000080000000| Complete 
|   1|0x0000000080100000, 0x0000000080200000, 0x0000000080200000|100%|HC|  |TAMS 0x0000000080100000| PB 0x0000000080100000| Complete 
|   2|0x0000000080200000, 0x0000000080300000, 0x0000000080300000|100%|HC|  |TAMS 0x0000000080200000| PB 0x0000000080200000| Complete 
|   3|0x0000000080300000, 0x0000000080400000, 0x0000000080400000|100%| O|  |TAMS 0x0000000080300000| PB 0x0000000080300000| Untracked 
|   4|0x0000000080400000, 0x0000000080500000, 0x0000000080500000|100%| O|  |TAMS 0x0000000080400000| PB 0x0000000080400000| Untracked 
|   5|0x0000000080500000, 0x0000000080600000, 0x0000000080600000|100%| O|  |TAMS 0x0000000080500000| PB 0x0000000080500000| Untracked 
|   6|0x0000000080600000, 0x0000000080700000, 0x0000000080700000|100%|HS|  |TAMS 0x0000000080600000| PB 0x0000000080600000| Complete 
|   7|0x0000000080700000, 0x0000000080700000, 0x0000000080800000|  0%| F|  |TAMS 0x0000000080700000| PB 0x0000000080700000| Untracked 
|   8|0x0000000080800000, 0x0000000080900000, 0x0000000080900000|100%| O|  |TAMS 0x0000000080800000| PB 0x0000000080800000| Untracked 
|   9|0x0000000080900000, 0x0000000080a00000, 0x0000000080a00000|100%| O|  |TAMS 0x0000000080900000| PB 0x0000000080900000| Untracked 
|  10|0x0000000080a00000, 0x0000000080a16bf0, 0x0000000080b00000|  8%| O|Cm|TAMS 0x0000000080a00000| PB 0x0000000080a00000| Complete 
|  11|0x0000000080b00000, 0x0000000080b00000, 0x0000000080c00000|  0%| F|  |TAMS 0x0000000080b00000| PB 0x0000000080b00000| Untracked 
|  12|0x0000000080c00000, 0x0000000080c00000, 0x0000000080d00000|  0%| F|  |TAMS 0x0000000080c00000| PB 0x0000000080c00000| Untracked 
|  13|0x0000000080d00000, 0x0000000080d00000, 0x0000000080e00000|  0%| F|  |TAMS 0x0000000080d00000| PB 0x0000000080d00000| Untracked 
|  14|0x0000000080e00000, 0x0000000080e00000, 0x0000000080f00000|  0%| F|  |TAMS 0x0000000080e00000| PB 0x0000000080e00000| Untracked 
|  15|0x0000000080f00000, 0x0000000080f00000, 0x0000000081000000|  0%| F|  |TAMS 0x0000000080f00000| PB 0x0000000080f00000| Untracked 
|  16|0x0000000081000000, 0x0000000081000000, 0x0000000081100000|  0%| F|  |TAMS 0x0000000081000000| PB 0x0000000081000000| Untracked 
|  17|0x0000000081100000, 0x0000000081100000, 0x0000000081200000|  0%| F|  |TAMS 0x0000000081100000| PB 0x0000000081100000| Untracked 
|  18|0x0000000081200000, 0x0000000081200000, 0x0000000081300000|  0%| F|  |TAMS 0x0000000081200000| PB 0x0000000081200000| Untracked 
|  19|0x0000000081300000, 0x0000000081300000, 0x0000000081400000|  0%| F|  |TAMS 0x0000000081300000| PB 0x0000000081300000| Untracked 
|  20|0x0000000081400000, 0x0000000081400000, 0x0000000081500000|  0%| F|  |TAMS 0x0000000081400000| PB 0x0000000081400000| Untracked 
|  21|0x0000000081500000, 0x0000000081500000, 0x0000000081600000|  0%| F|  |TAMS 0x0000000081500000| PB 0x0000000081500000| Untracked 
|  22|0x0000000081600000, 0x0000000081600000, 0x0000000081700000|  0%| F|  |TAMS 0x0000000081600000| PB 0x0000000081600000| Untracked 
|  23|0x0000000081700000, 0x0000000081700000, 0x0000000081800000|  0%| F|  |TAMS 0x0000000081700000| PB 0x0000000081700000| Untracked 
|  24|0x0000000081800000, 0x0000000081800000, 0x0000000081900000|  0%| F|  |TAMS 0x0000000081800000| PB 0x0000000081800000| Untracked 
|  25|0x0000000081900000, 0x0000000081900000, 0x0000000081a00000|  0%| F|  |TAMS 0x0000000081900000| PB 0x0000000081900000| Untracked 
|  26|0x0000000081a00000, 0x0000000081a00000, 0x0000000081b00000|  0%| F|  |TAMS 0x0000000081a00000| PB 0x0000000081a00000| Untracked 
|  27|0x0000000081b00000, 0x0000000081b00000, 0x0000000081c00000|  0%| F|  |TAMS 0x0000000081b00000| PB 0x0000000081b00000| Untracked 
|  28|0x0000000081c00000, 0x0000000081c00000, 0x0000000081d00000|  0%| F|  |TAMS 0x0000000081c00000| PB 0x0000000081c00000| Untracked 
|  29|0x0000000081d00000, 0x0000000081d00000, 0x0000000081e00000|  0%| F|  |TAMS 0x0000000081d00000| PB 0x0000000081d00000| Untracked 
|  30|0x0000000081e00000, 0x0000000081e00000, 0x0000000081f00000|  0%| F|  |TAMS 0x0000000081e00000| PB 0x0000000081e00000| Untracked 
|  31|0x0000000081f00000, 0x0000000081f00000, 0x0000000082000000|  0%| F|  |TAMS 0x0000000081f00000| PB 0x0000000081f00000| Untracked 
|  32|0x0000000082000000, 0x0000000082000000, 0x0000000082100000|  0%| F|  |TAMS 0x0000000082000000| PB 0x0000000082000000| Untracked 
|  33|0x0000000082100000, 0x0000000082100000, 0x0000000082200000|  0%| F|  |TAMS 0x0000000082100000| PB 0x0000000082100000| Untracked 
|  34|0x0000000082200000, 0x0000000082200000, 0x0000000082300000|  0%| F|  |TAMS 0x0000000082200000| PB 0x0000000082200000| Untracked 
|  35|0x0000000082300000, 0x0000000082300000, 0x0000000082400000|  0%| F|  |TAMS 0x0000000082300000| PB 0x0000000082300000| Untracked 
|  36|0x0000000082400000, 0x0000000082400000, 0x0000000082500000|  0%| F|  |TAMS 0x0000000082400000| PB 0x0000000082400000| Untracked 
|  37|0x0000000082500000, 0x0000000082500000, 0x0000000082600000|  0%| F|  |TAMS 0x0000000082500000| PB 0x0000000082500000| Untracked 
|  38|0x0000000082600000, 0x0000000082600000, 0x0000000082700000|  0%| F|  |TAMS 0x0000000082600000| PB 0x0000000082600000| Untracked 
|  39|0x0000000082700000, 0x0000000082700000, 0x0000000082800000|  0%| F|  |TAMS 0x0000000082700000| PB 0x0000000082700000| Untracked 
|  40|0x0000000082800000, 0x0000000082800000, 0x0000000082900000|  0%| F|  |TAMS 0x0000000082800000| PB 0x0000000082800000| Untracked 
|  41|0x0000000082900000, 0x0000000082900000, 0x0000000082a00000|  0%| F|  |TAMS 0x0000000082900000| PB 0x0000000082900000| Untracked 
|  42|0x0000000082a00000, 0x0000000082a00000, 0x0000000082b00000|  0%| F|  |TAMS 0x0000000082a00000| PB 0x0000000082a00000| Untracked 
|  43|0x0000000082b00000, 0x0000000082b00000, 0x0000000082c00000|  0%| F|  |TAMS 0x0000000082b00000| PB 0x0000000082b00000| Untracked 
|  44|0x0000000082c00000, 0x0000000082c00000, 0x0000000082d00000|  0%| F|  |TAMS 0x0000000082c00000| PB 0x0000000082c00000| Untracked 
|  45|0x0000000082d00000, 0x0000000082d00000, 0x0000000082e00000|  0%| F|  |TAMS 0x0000000082d00000| PB 0x0000000082d00000| Untracked 
|  46|0x0000000082e00000, 0x0000000082e80000, 0x0000000082f00000| 50%| E|  |TAMS 0x0000000082e00000| PB 0x0000000082e00000| Complete 
|  47|0x0000000082f00000, 0x0000000083000000, 0x0000000083000000|100%| E|CS|TAMS 0x0000000082f00000| PB 0x0000000082f00000| Complete 
|  48|0x0000000083000000, 0x0000000083100000, 0x0000000083100000|100%| E|CS|TAMS 0x0000000083000000| PB 0x0000000083000000| Complete 
|  49|0x0000000083100000, 0x0000000083200000, 0x0000000083200000|100%| E|CS|TAMS 0x0000000083100000| PB 0x0000000083100000| Complete 
|  50|0x0000000083200000, 0x0000000083300000, 0x0000000083300000|100%| E|CS|TAMS 0x0000000083200000| PB 0x0000000083200000| Complete 
|  51|0x0000000083300000, 0x0000000083400000, 0x0000000083400000|100%| E|CS|TAMS 0x0000000083300000| PB 0x0000000083300000| Complete 
|  52|0x0000000083400000, 0x0000000083500000, 0x0000000083500000|100%| E|CS|TAMS 0x0000000083400000| PB 0x0000000083400000| Complete 
|  53|0x0000000083500000, 0x0000000083600000, 0x0000000083600000|100%| E|CS|TAMS 0x0000000083500000| PB 0x0000000083500000| Complete 
|  54|0x0000000083600000, 0x0000000083700000, 0x0000000083700000|100%| E|CS|TAMS 0x0000000083600000| PB 0x0000000083600000| Complete 
|  55|0x0000000083700000, 0x0000000083800000, 0x0000000083800000|100%| E|CS|TAMS 0x0000000083700000| PB 0x0000000083700000| Complete 
|  56|0x0000000083800000, 0x0000000083900000, 0x0000000083900000|100%| E|CS|TAMS 0x0000000083800000| PB 0x0000000083800000| Complete 
|  57|0x0000000083900000, 0x0000000083a00000, 0x0000000083a00000|100%| E|CS|TAMS 0x0000000083900000| PB 0x0000000083900000| Complete 
|  58|0x0000000083a00000, 0x0000000083b00000, 0x0000000083b00000|100%| E|CS|TAMS 0x0000000083a00000| PB 0x0000000083a00000| Complete 
|  59|0x0000000083b00000, 0x0000000083c00000, 0x0000000083c00000|100%| E|CS|TAMS 0x0000000083b00000| PB 0x0000000083b00000| Complete 
|  60|0x0000000083c00000, 0x0000000083d00000, 0x0000000083d00000|100%| E|CS|TAMS 0x0000000083c00000| PB 0x0000000083c00000| Complete 
|  61|0x0000000083d00000, 0x0000000083e00000, 0x0000000083e00000|100%| E|CS|TAMS 0x0000000083d00000| PB 0x0000000083d00000| Complete 
|  62|0x0000000083e00000, 0x0000000083f00000, 0x0000000083f00000|100%| E|CS|TAMS 0x0000000083e00000| PB 0x0000000083e00000| Complete 
|  63|0x0000000083f00000, 0x0000000084000000, 0x0000000084000000|100%| E|CS|TAMS 0x0000000083f00000| PB 0x0000000083f00000| Complete 
| 144|0x0000000089000000, 0x000000008906c728, 0x0000000089100000| 42%| S|CS|TAMS 0x0000000089000000| PB 0x0000000089000000| Complete 
| 145|0x0000000089100000, 0x0000000089200000, 0x0000000089200000|100%| S|CS|TAMS 0x0000000089100000| PB 0x0000000089100000| Complete 
| 146|0x0000000089200000, 0x0000000089300000, 0x0000000089300000|100%| S|CS|TAMS 0x0000000089200000| PB 0x0000000089200000| Complete 
| 147|0x0000000089300000, 0x0000000089400000, 0x0000000089400000|100%| S|CS|TAMS 0x0000000089300000| PB 0x0000000089300000| Complete 
| 148|0x0000000089400000, 0x0000000089500000, 0x0000000089500000|100%| S|CS|TAMS 0x0000000089400000| PB 0x0000000089400000| Complete 
| 149|0x0000000089500000, 0x0000000089600000, 0x0000000089600000|100%| S|CS|TAMS 0x0000000089500000| PB 0x0000000089500000| Complete 
| 150|0x0000000089600000, 0x0000000089700000, 0x0000000089700000|100%| S|CS|TAMS 0x0000000089600000| PB 0x0000000089600000| Complete 
| 151|0x0000000089700000, 0x0000000089800000, 0x0000000089800000|100%| S|CS|TAMS 0x0000000089700000| PB 0x0000000089700000| Complete 
| 152|0x0000000089800000, 0x0000000089900000, 0x0000000089900000|100%| S|CS|TAMS 0x0000000089800000| PB 0x0000000089800000| Complete 
| 153|0x0000000089900000, 0x0000000089a00000, 0x0000000089a00000|100%| S|CS|TAMS 0x0000000089900000| PB 0x0000000089900000| Complete 
| 154|0x0000000089a00000, 0x0000000089b00000, 0x0000000089b00000|100%| S|CS|TAMS 0x0000000089a00000| PB 0x0000000089a00000| Complete 
| 155|0x0000000089b00000, 0x0000000089c00000, 0x0000000089c00000|100%| S|CS|TAMS 0x0000000089b00000| PB 0x0000000089b00000| Complete 
| 156|0x0000000089c00000, 0x0000000089d00000, 0x0000000089d00000|100%| S|CS|TAMS 0x0000000089c00000| PB 0x0000000089c00000| Complete 
| 157|0x0000000089d00000, 0x0000000089e00000, 0x0000000089e00000|100%| S|CS|TAMS 0x0000000089d00000| PB 0x0000000089d00000| Complete 
| 250|0x000000008fa00000, 0x000000008fb00000, 0x000000008fb00000|100%| E|CS|TAMS 0x000000008fa00000| PB 0x000000008fa00000| Complete 
| 251|0x000000008fb00000, 0x000000008fc00000, 0x000000008fc00000|100%| E|CS|TAMS 0x000000008fb00000| PB 0x000000008fb00000| Complete 

Card table byte_map: [0x00000183bb460000,0x00000183bb860000] _byte_map_base: 0x00000183bb060000

Marking Bits: (CMBitMap*) 0x00000183a895ab10
 Bits: [0x00000183bb860000, 0x00000183bd860000)

Polling page: 0x00000183a64f0000

Metaspace:

Usage:
  Non-class:     19.35 MB used.
      Class:      3.15 MB used.
       Both:     22.50 MB used.

Virtual space:
  Non-class space:       64.00 MB reserved,      19.75 MB ( 31%) committed,  1 nodes.
      Class space:        1.00 GB reserved,       3.44 MB ( <1%) committed,  1 nodes.
             Both:        1.06 GB reserved,      23.19 MB (  2%) committed. 

Chunk freelists:
   Non-Class:  11.72 MB
       Class:  12.55 MB
        Both:  24.27 MB

MaxMetaspaceSize: unlimited
CompressedClassSpaceSize: 1.00 GB
Initial GC threshold: 21.00 MB
Current GC threshold: 35.56 MB
CDS: on
 - commit_granule_bytes: 65536.
 - commit_granule_words: 8192.
 - virtual_space_node_default_size: 8388608.
 - enlarge_chunks_in_place: 1.
 - use_allocation_guard: 0.


Internal statistics:

num_allocs_failed_limit: 3.
num_arena_births: 1088.
num_arena_deaths: 0.
num_vsnodes_births: 2.
num_vsnodes_deaths: 0.
num_space_committed: 371.
num_space_uncommitted: 0.
num_chunks_returned_to_freelist: 3.
num_chunks_taken_from_freelist: 1985.
num_chunk_merges: 3.
num_chunk_splits: 1324.
num_chunks_enlarged: 894.
num_inconsistent_stats: 0.

CodeHeap 'non-profiled nmethods': size=120000Kb used=2047Kb max_used=2047Kb free=117952Kb
 bounds [0x00000183b35d0000, 0x00000183b3840000, 0x00000183bab00000]
CodeHeap 'profiled nmethods': size=120000Kb used=7023Kb max_used=7023Kb free=112976Kb
 bounds [0x00000183abb00000, 0x00000183ac1e0000, 0x00000183b3030000]
CodeHeap 'non-nmethods': size=5760Kb used=1431Kb max_used=1461Kb free=4328Kb
 bounds [0x00000183b3030000, 0x00000183b32a0000, 0x00000183b35d0000]
CodeCache: size=245760Kb, used=10501Kb, max_used=10531Kb, free=235256Kb
 total_blobs=4212, nmethods=3627, adapters=489, full_count=0
Compilation: enabled, stopped_count=0, restarted_count=0

Compilation events (20 events):
Event: 335.817 Thread 0x00000183c04c04a0 3640       4       java.lang.invoke.InvokerBytecodeGenerator::emitPushArguments (45 bytes)
Event: 335.896 Thread 0x00000183c04c04a0 nmethod 3640 0x00000183b37ccb10 code [0x00000183b37ccdc0, 0x00000183b37cdc18]
Event: 336.486 Thread 0x00000183c04c0f40 3641       3       java.lang.invoke.LambdaFormEditor$TransformKey::withResult (17 bytes)
Event: 336.487 Thread 0x00000183c04c0f40 nmethod 3641 0x00000183ac1d3290 code [0x00000183ac1d3460, 0x00000183ac1d37e8]
Event: 336.494 Thread 0x00000183c04c0f40 3642   !   3       org.gradle.internal.service.DefaultServiceRegistry$FactoryService::bind (297 bytes)
Event: 336.502 Thread 0x00000183c04c0f40 nmethod 3642 0x00000183ac1d3990 code [0x00000183ac1d4080, 0x00000183ac1d86c8]
Event: 336.502 Thread 0x00000183c04c04a0 3644       4       jdk.internal.org.objectweb.asm.Type::getDescriptor (93 bytes)
Event: 336.503 Thread 0x00000183c04c0f40 3643       3       java.lang.ClassLoader::getParent (32 bytes)
Event: 336.504 Thread 0x00000183c04c0f40 nmethod 3643 0x00000183ac1d9d90 code [0x00000183ac1d9f40, 0x00000183ac1da198]
Event: 336.511 Thread 0x00000183c04c0f40 3646       3       org.gradle.internal.service.DefaultServiceRegistry$FactoryService::assembleParameters (58 bytes)
Event: 336.512 Thread 0x00000183c04c0f40 nmethod 3646 0x00000183ac1da290 code [0x00000183ac1da480, 0x00000183ac1daa88]
Event: 336.512 Thread 0x00000183c04c0f40 3645       3       org.gradle.internal.service.DefaultServiceRegistry$FactoryService::createServiceInstance (18 bytes)
Event: 336.513 Thread 0x00000183c04c0f40 nmethod 3645 0x00000183ac1dac90 code [0x00000183ac1dae40, 0x00000183ac1db088]
Event: 336.531 Thread 0x00000183c04c04a0 nmethod 3644 0x00000183b37ce690 code [0x00000183b37ce8e0, 0x00000183b37cf378]
Event: 336.989 Thread 0x00000183c04c0f40 3647       3       jdk.internal.jimage.BasicImageReader::match (37 bytes)
Event: 336.990 Thread 0x00000183c04c0f40 nmethod 3647 0x00000183ac1db190 code [0x00000183ac1db360, 0x00000183ac1db608]
Event: 337.157 Thread 0x00000183c04c04a0 3648       4       java.util.concurrent.locks.ReentrantLock$NonfairSync::initialTryLock (58 bytes)
Event: 337.162 Thread 0x00000183c04c04a0 nmethod 3648 0x00000183b37cf910 code [0x00000183b37cfaa0, 0x00000183b37cfc68]
Event: 337.219 Thread 0x00000183c04c0f40 3649       3       java.util.stream.ReduceOps$ReduceOp::evaluateSequential (18 bytes)
Event: 337.220 Thread 0x00000183c04c0f40 nmethod 3649 0x00000183ac1db710 code [0x00000183ac1db900, 0x00000183ac1dbd80]

GC Heap History (8 events):
Event: 3.493 GC heap before
{Heap before GC invocations=0 (full 0):
 garbage-first heap   total 258048K, used 23552K [0x0000000080000000, 0x0000000100000000)
  region size 1024K, 23 young (23552K), 0 survivors (0K)
 Metaspace       used 872K, committed 1024K, reserved 1114112K
  class space    used 71K, committed 128K, reserved 1048576K
}
Event: 3.630 GC heap after
{Heap after GC invocations=1 (full 0):
 garbage-first heap   total 258048K, used 1450K [0x0000000080000000, 0x0000000100000000)
  region size 1024K, 2 young (2048K), 2 survivors (2048K)
 Metaspace       used 872K, committed 1024K, reserved 1114112K
  class space    used 71K, committed 128K, reserved 1048576K
}
Event: 7.025 GC heap before
{Heap before GC invocations=1 (full 0):
 garbage-first heap   total 258048K, used 40362K [0x0000000080000000, 0x0000000100000000)
  region size 1024K, 38 young (38912K), 2 survivors (2048K)
 Metaspace       used 4443K, committed 4672K, reserved 1114112K
  class space    used 582K, committed 704K, reserved 1048576K
}
Event: 7.034 GC heap after
{Heap after GC invocations=2 (full 0):
 garbage-first heap   total 258048K, used 10514K [0x0000000080000000, 0x0000000100000000)
  region size 1024K, 5 young (5120K), 5 survivors (5120K)
 Metaspace       used 4443K, committed 4672K, reserved 1114112K
  class space    used 582K, committed 704K, reserved 1048576K
}
Event: 39.636 GC heap before
{Heap before GC invocations=2 (full 0):
 garbage-first heap   total 258048K, used 79122K [0x0000000080000000, 0x0000000100000000)
  region size 1024K, 71 young (72704K), 5 survivors (5120K)
 Metaspace       used 9180K, committed 9472K, reserved 1114112K
  class space    used 1256K, committed 1408K, reserved 1048576K
}
Event: 39.656 GC heap after
{Heap after GC invocations=3 (full 0):
 garbage-first heap   total 258048K, used 18522K [0x0000000080000000, 0x0000000100000000)
  region size 1024K, 9 young (9216K), 9 survivors (9216K)
 Metaspace       used 9180K, committed 9472K, reserved 1114112K
  class space    used 1256K, committed 1408K, reserved 1048576K
}
Event: 310.841 GC heap before
{Heap before GC invocations=3 (full 0):
 garbage-first heap   total 258048K, used 105562K [0x0000000080000000, 0x0000000100000000)
  region size 1024K, 94 young (96256K), 9 survivors (9216K)
 Metaspace       used 20919K, committed 21504K, reserved 1114112K
  class space    used 2879K, committed 3136K, reserved 1048576K
}
Event: 310.868 GC heap after
{Heap after GC invocations=4 (full 0):
 garbage-first heap   total 258048K, used 23052K [0x0000000080000000, 0x0000000100000000)
  region size 1024K, 14 young (14336K), 14 survivors (14336K)
 Metaspace       used 20919K, committed 21504K, reserved 1114112K
  class space    used 2879K, committed 3136K, reserved 1048576K
}

Dll operation events (20 events):
Event: 1.688 Attempting to load shared library C:\Users\enzonascimento-ieg\.cursor\extensions\redhat.java-1.56.0-win32-x64\jre\21.0.12.1-win32-x86_64\bin\nio.dll
Event: 1.689 Loaded shared library C:\Users\enzonascimento-ieg\.cursor\extensions\redhat.java-1.56.0-win32-x64\jre\21.0.12.1-win32-x86_64\bin\nio.dll
Event: 1.692 Attempting to load shared library C:\Users\enzonascimento-ieg\.cursor\extensions\redhat.java-1.56.0-win32-x64\jre\21.0.12.1-win32-x86_64\bin\zip.dll
Event: 1.692 Loaded shared library C:\Users\enzonascimento-ieg\.cursor\extensions\redhat.java-1.56.0-win32-x64\jre\21.0.12.1-win32-x86_64\bin\zip.dll
Event: 3.647 Attempting to load shared library C:\Users\enzonascimento-ieg\.cursor\extensions\redhat.java-1.56.0-win32-x64\jre\21.0.12.1-win32-x86_64\bin\jimage.dll
Event: 3.647 Loaded shared library C:\Users\enzonascimento-ieg\.cursor\extensions\redhat.java-1.56.0-win32-x64\jre\21.0.12.1-win32-x86_64\bin\jimage.dll
Event: 4.908 Attempting to load shared library C:\Users\enzonascimento-ieg\.cursor\extensions\redhat.java-1.56.0-win32-x64\jre\21.0.12.1-win32-x86_64\bin\verify.dll
Event: 4.908 Loaded shared library C:\Users\enzonascimento-ieg\.cursor\extensions\redhat.java-1.56.0-win32-x64\jre\21.0.12.1-win32-x86_64\bin\verify.dll
Event: 5.087 Attempting to load shared library C:\Users\enzonascimento-ieg\.gradle\native\1def1411415f61bf3af743bc5b6707747c0891f09f0c88961ee8f79bc544acac\windows-amd64\native-platform.dll
Event: 5.089 Loaded shared library C:\Users\enzonascimento-ieg\.gradle\native\1def1411415f61bf3af743bc5b6707747c0891f09f0c88961ee8f79bc544acac\windows-amd64\native-platform.dll
Event: 5.105 Attempting to load shared library C:\Users\enzonascimento-ieg\.gradle\native\0.2.8\x86_64-windows-gnu\gradle-fileevents.dll
Event: 5.106 Loaded shared library C:\Users\enzonascimento-ieg\.gradle\native\0.2.8\x86_64-windows-gnu\gradle-fileevents.dll
Event: 21.336 Attempting to load shared library C:\Users\enzonascimento-ieg\.cursor\extensions\redhat.java-1.56.0-win32-x64\jre\21.0.12.1-win32-x86_64\bin\management.dll
Event: 21.337 Loaded shared library C:\Users\enzonascimento-ieg\.cursor\extensions\redhat.java-1.56.0-win32-x64\jre\21.0.12.1-win32-x86_64\bin\management.dll
Event: 21.351 Attempting to load shared library C:\Users\enzonascimento-ieg\.cursor\extensions\redhat.java-1.56.0-win32-x64\jre\21.0.12.1-win32-x86_64\bin\management_ext.dll
Event: 21.352 Loaded shared library C:\Users\enzonascimento-ieg\.cursor\extensions\redhat.java-1.56.0-win32-x64\jre\21.0.12.1-win32-x86_64\bin\management_ext.dll
Event: 35.029 Attempting to load shared library C:\Users\enzonascimento-ieg\.cursor\extensions\redhat.java-1.56.0-win32-x64\jre\21.0.12.1-win32-x86_64\bin\extnet.dll
Event: 35.029 Loaded shared library C:\Users\enzonascimento-ieg\.cursor\extensions\redhat.java-1.56.0-win32-x64\jre\21.0.12.1-win32-x86_64\bin\extnet.dll
Event: 251.481 Attempting to load shared library C:\Users\enzonascimento-ieg\.cursor\extensions\redhat.java-1.56.0-win32-x64\jre\21.0.12.1-win32-x86_64\bin\sunmscapi.dll
Event: 251.544 Loaded shared library C:\Users\enzonascimento-ieg\.cursor\extensions\redhat.java-1.56.0-win32-x64\jre\21.0.12.1-win32-x86_64\bin\sunmscapi.dll

Deoptimization events (20 events):
Event: 325.771 Thread 0x00000183c0789080 Uncommon trap: trap_request=0xffffff45 fr.pc=0x00000183b3773688 relative=0x00000000000000e8
Event: 325.771 Thread 0x00000183c0789080 Uncommon trap: reason=unstable_if action=reinterpret pc=0x00000183b3773688 method=java.util.Arrays.equals([Ljava/lang/Object;[Ljava/lang/Object;)Z @ 44 c2
Event: 325.771 Thread 0x00000183c0789080 DEOPT PACKING pc=0x00000183b3773688 sp=0x000000815e1fb380
Event: 325.772 Thread 0x00000183c0789080 DEOPT UNPACKING pc=0x00000183b3084422 sp=0x000000815e1fb320 mode 2
Event: 325.772 Thread 0x00000183c0789080 Uncommon trap: trap_request=0xffffff45 fr.pc=0x00000183b373eb74 relative=0x0000000000000194
Event: 325.772 Thread 0x00000183c0789080 Uncommon trap: reason=unstable_if action=reinterpret pc=0x00000183b373eb74 method=java.util.HashMap.getNode(Ljava/lang/Object;)Ljava/util/HashMap$Node; @ 131 c2
Event: 325.772 Thread 0x00000183c0789080 DEOPT PACKING pc=0x00000183b373eb74 sp=0x000000815e1fb440
Event: 325.772 Thread 0x00000183c0789080 DEOPT UNPACKING pc=0x00000183b3084422 sp=0x000000815e1fb360 mode 2
Event: 325.772 Thread 0x00000183c0789080 Uncommon trap: trap_request=0xffffff45 fr.pc=0x00000183b3754b8c relative=0x000000000000076c
Event: 325.772 Thread 0x00000183c0789080 Uncommon trap: reason=unstable_if action=reinterpret pc=0x00000183b3754b8c method=java.util.HashMap.putVal(ILjava/lang/Object;Ljava/lang/Object;ZZ)Ljava/lang/Object; @ 206 c2
Event: 325.772 Thread 0x00000183c0789080 DEOPT PACKING pc=0x00000183b3754b8c sp=0x000000815e1fb380
Event: 325.772 Thread 0x00000183c0789080 DEOPT UNPACKING pc=0x00000183b3084422 sp=0x000000815e1fb308 mode 2
Event: 334.037 Thread 0x00000183c0789080 Uncommon trap: trap_request=0xffffff45 fr.pc=0x00000183b376b2f8 relative=0x0000000000000cd8
Event: 334.037 Thread 0x00000183c0789080 Uncommon trap: reason=unstable_if action=reinterpret pc=0x00000183b376b2f8 method=jdk.internal.org.objectweb.asm.SymbolTable.addType(Ljava/lang/String;)I @ 33 c2
Event: 334.037 Thread 0x00000183c0789080 DEOPT PACKING pc=0x00000183b376b2f8 sp=0x000000815e1fa6b0
Event: 334.037 Thread 0x00000183c0789080 DEOPT UNPACKING pc=0x00000183b3084422 sp=0x000000815e1fa5e8 mode 2
Event: 334.037 Thread 0x00000183c0789080 Uncommon trap: trap_request=0xffffff45 fr.pc=0x00000183b372dedc relative=0x000000000000037c
Event: 334.037 Thread 0x00000183c0789080 Uncommon trap: reason=unstable_if action=reinterpret pc=0x00000183b372dedc method=jdk.internal.org.objectweb.asm.SymbolTable.addType(Ljava/lang/String;)I @ 33 c2
Event: 334.037 Thread 0x00000183c0789080 DEOPT PACKING pc=0x00000183b372dedc sp=0x000000815e1fa6f0
Event: 334.038 Thread 0x00000183c0789080 DEOPT UNPACKING pc=0x00000183b3084422 sp=0x000000815e1fa678 mode 2

Classes loaded (20 events):
Event: 308.499 Loading class java/io/ObjectStreamConstants done
Event: 308.499 Loading class java/io/ObjectInputStream done
Event: 308.501 Loading class java/io/ObjectOutputStream
Event: 308.502 Loading class java/io/ObjectOutput
Event: 308.502 Loading class java/io/ObjectOutput done
Event: 308.503 Loading class java/io/ObjectOutputStream done
Event: 309.602 Loading class java/lang/invoke/BoundMethodHandle$Species_LLLLLLLLLLLLLLLLLLLLLLLL
Event: 309.602 Loading class java/lang/invoke/BoundMethodHandle$Species_LLLLLLLLLLLLLLLLLLLLLLLL done
Event: 321.378 Loading class javax/xml/parsers/ParserConfigurationException
Event: 321.378 Loading class javax/xml/parsers/ParserConfigurationException done
Event: 321.378 Loading class org/xml/sax/SAXException
Event: 321.378 Loading class org/xml/sax/SAXException done
Event: 321.378 Loading class javax/xml/xpath/XPathExpressionException
Event: 321.378 Loading class javax/xml/xpath/XPathException
Event: 321.379 Loading class javax/xml/xpath/XPathException done
Event: 321.379 Loading class javax/xml/xpath/XPathExpressionException done
Event: 321.379 Loading class org/xml/sax/ErrorHandler
Event: 321.379 Loading class org/xml/sax/ErrorHandler done
Event: 322.223 Loading class java/nio/file/AtomicMoveNotSupportedException
Event: 322.223 Loading class java/nio/file/AtomicMoveNotSupportedException done

Classes unloaded (0 events):
No events

Classes redefined (0 events):
No events

Internal exceptions (20 events):
Event: 300.707 Thread 0x00000183c0789080 Exception <a 'java/lang/NoSuchMethodError'{0x000000008c000ce8}: 'java.lang.Object java.lang.invoke.DirectMethodHandle$Holder.invokeStatic(java.lang.Object, java.lang.Object, java.lang.Object, java.lang.Object, java.lang.Object, java.lang.Object, java.lang.Object, java.lang.Object, java.lang.Object, java.lang.Object, java.lang.Object, java.lang.Object, java.lang.Object, java.lang.Object, java.lang.Object, java.lang.Object, java.lang.Object, java.lang.Object, java.lang.Object)'> (0x000000008c000ce8) 
thrown 
Event: 300.714 Thread 0x00000183c0789080 Exception <a 'java/lang/NoSuchMethodError'{0x000000008c02c1d8}: 'java.lang.Object java.lang.invoke.DirectMethodHandle$Holder.invokeStatic(java.lang.Object, java.lang.Object, java.lang.Object, java.lang.Object, java.lang.Object, java.lang.Object, java.lang.Object, java.lang.Object, java.lang.Object, java.lang.Object, java.lang.Object, java.lang.Object, java.lang.Object, java.lang.Object, java.lang.Object, java.lang.Object, java.lang.Object, java.lang.Object, java.lang.Object, java.lang.Object)'> (0x00000000
Event: 300.725 Thread 0x00000183c0789080 Exception <a 'java/lang/NoSuchMethodError'{0x000000008c05e868}: 'java.lang.Object java.lang.invoke.DirectMethodHandle$Holder.invokeStatic(java.lang.Object, java.lang.Object, java.lang.Object, java.lang.Object, java.lang.Object, java.lang.Object, java.lang.Object, java.lang.Object, java.lang.Object, java.lang.Object, java.lang.Object, java.lang.Object, java.lang.Object, java.lang.Object, java.lang.Object, java.lang.Object, java.lang.Object, java.lang.Object, java.lang.Object, java.lang.Object, java.lang.Obj
Event: 300.856 Thread 0x00000183c0789080 Exception <a 'java/lang/NoSuchMethodError'{0x000000008c08c2d8}: 'java.lang.Object java.lang.invoke.DirectMethodHandle$Holder.invokeStatic(java.lang.Object, java.lang.Object, java.lang.Object, java.lang.Object, java.lang.Object, java.lang.Object, java.lang.Object, java.lang.Object, java.lang.Object, java.lang.Object, java.lang.Object, java.lang.Object, java.lang.Object, java.lang.Object, java.lang.Object, java.lang.Object, java.lang.Object, java.lang.Object, java.lang.Object, java.lang.Object, java.lang.Obj
Event: 300.866 Thread 0x00000183c0789080 Exception <a 'java/lang/NoSuchMethodError'{0x000000008c0ba5d0}: 'java.lang.Object java.lang.invoke.DirectMethodHandle$Holder.invokeStatic(java.lang.Object, java.lang.Object, java.lang.Object, java.lang.Object, java.lang.Object, java.lang.Object, java.lang.Object, java.lang.Object, java.lang.Object, java.lang.Object, java.lang.Object, java.lang.Object, java.lang.Object, java.lang.Object, java.lang.Object, java.lang.Object, java.lang.Object, java.lang.Object, java.lang.Object, java.lang.Object, java.lang.Obj
Event: 300.875 Thread 0x00000183c0789080 Exception <a 'java/lang/NoSuchMethodError'{0x000000008c0e9838}: 'java.lang.Object java.lang.invoke.DirectMethodHandle$Holder.invokeStatic(java.lang.Object, java.lang.Object, java.lang.Object, java.lang.Object, java.lang.Object, java.lang.Object, java.lang.Object, java.lang.Object, java.lang.Object, java.lang.Object, java.lang.Object, java.lang.Object, java.lang.Object, java.lang.Object, java.lang.Object, java.lang.Object, java.lang.Object, java.lang.Object, java.lang.Object, java.lang.Object, java.lang.Obj
Event: 300.889 Thread 0x00000183c0789080 Exception <a 'java/lang/NoSuchMethodError'{0x000000008bf198a8}: 'java.lang.Object java.lang.invoke.DirectMethodHandle$Holder.invokeStatic(java.lang.Object, java.lang.Object, java.lang.Object, java.lang.Object, java.lang.Object, java.lang.Object, java.lang.Object, java.lang.Object, java.lang.Object, java.lang.Object, java.lang.Object, java.lang.Object, java.lang.Object, java.lang.Object, java.lang.Object, java.lang.Object, java.lang.Object, java.lang.Object, java.lang.Object, java.lang.Object, java.lang.Obj
Event: 300.895 Thread 0x00000183c0789080 Exception <a 'java/lang/NoSuchMethodError'{0x000000008bf4afe8}: 'java.lang.Object java.lang.invoke.DirectMethodHandle$Holder.invokeStatic(java.lang.Object, java.lang.Object, java.lang.Object, java.lang.Object, java.lang.Object, java.lang.Object, java.lang.Object, java.lang.Object, java.lang.Object, java.lang.Object, java.lang.Object, java.lang.Object, java.lang.Object, java.lang.Object, java.lang.Object, java.lang.Object, java.lang.Object, java.lang.Object, java.lang.Object, java.lang.Object, java.lang.Obj
Event: 305.599 Thread 0x00000183c0789080 Exception <a 'java/lang/NoSuchMethodError'{0x000000008b5f4cb0}: 'int java.lang.invoke.DirectMethodHandle$Holder.invokeStaticInit(java.lang.Object, java.lang.Object, java.lang.Object)'> (0x000000008b5f4cb0) 
thrown [s\src\hotspot\share\interpreter\linkResolver.cpp, line 773]
Event: 307.890 Thread 0x00000183c0789080 Exception <a 'java/lang/IncompatibleClassChangeError'{0x000000008a607228}: Found class java.lang.Object, but interface was expected> (0x000000008a607228) 
thrown [s\src\hotspot\share\interpreter\linkResolver.cpp, line 840]
Event: 307.905 Thread 0x00000183c0789080 Exception <a 'java/lang/NoSuchMethodError'{0x000000008a636d28}: 'java.lang.Object java.lang.invoke.DirectMethodHandle$Holder.newInvokeSpecial(java.lang.Object, java.lang.Object, java.lang.Object, java.lang.Object, java.lang.Object, java.lang.Object, java.lang.Object, java.lang.Object, java.lang.Object, java.lang.Object)'> (0x000000008a636d28) 
thrown [s\src\hotspot\share\interpreter\linkResolver.cpp, line 773]
Event: 309.561 Thread 0x00000183c0789080 Exception <a 'java/lang/NoSuchMethodError'{0x000000008a2692a8}: 'java.lang.Object java.lang.invoke.DirectMethodHandle$Holder.invokeVirtual(java.lang.Object, java.lang.Object, java.lang.Object, java.lang.Object, java.lang.Object, java.lang.Object, java.lang.Object, java.lang.Object, java.lang.Object, java.lang.Object, java.lang.Object)'> (0x000000008a2692a8) 
thrown [s\src\hotspot\share\interpreter\linkResolver.cpp, line 773]
Event: 309.581 Thread 0x00000183c0789080 Exception <a 'java/lang/NoSuchMethodError'{0x000000008a10aa38}: 'java.lang.Object java.lang.invoke.DirectMethodHandle$Holder.invokeVirtual(java.lang.Object, java.lang.Object, java.lang.Object, java.lang.Object, java.lang.Object, java.lang.Object, java.lang.Object, java.lang.Object, java.lang.Object, java.lang.Object, java.lang.Object, java.lang.Object, java.lang.Object, java.lang.Object, java.lang.Object, java.lang.Object, java.lang.Object, java.lang.Object, java.lang.Object, java.lang.Object, java.lang.Ob
Event: 309.582 Thread 0x00000183c0789080 Exception <a 'java/lang/NoSuchMethodError'{0x000000008a117240}: 'java.lang.Object java.lang.invoke.DelegatingMethodHandle$Holder.reinvoke_L(java.lang.Object, java.lang.Object, java.lang.Object, java.lang.Object, java.lang.Object, java.lang.Object, java.lang.Object, java.lang.Object, java.lang.Object, java.lang.Object, java.lang.Object, java.lang.Object, java.lang.Object, java.lang.Object, java.lang.Object, java.lang.Object, java.lang.Object, java.lang.Object, java.lang.Object, java.lang.Object, java.lang.O
Event: 309.607 Thread 0x00000183c0789080 Exception <a 'java/lang/NoSuchMethodError'{0x000000008a1e69e0}: 'java.lang.Object java.lang.invoke.DirectMethodHandle$Holder.invokeStatic(java.lang.Object, java.lang.Object, java.lang.Object, java.lang.Object, java.lang.Object, java.lang.Object, java.lang.Object, java.lang.Object, java.lang.Object, java.lang.Object, java.lang.Object, java.lang.Object, java.lang.Object, java.lang.Object, java.lang.Object, java.lang.Object, java.lang.Object, java.lang.Object, java.lang.Object, java.lang.Object, java.lang.Obj
Event: 309.926 Thread 0x00000183c0789080 Exception <a 'java/lang/NoSuchMethodError'{0x000000008a03aae8}: 'int java.lang.invoke.DirectMethodHandle$Holder.invokeStatic(java.lang.Object, java.lang.Object, java.lang.Object, java.lang.Object)'> (0x000000008a03aae8) 
thrown [s\src\hotspot\share\interpreter\linkResolver.cpp, line 773]
Event: 310.917 Thread 0x00000183c0789080 Exception <a 'java/lang/NoSuchMethodError'{0x000000008fb4de70}: 'void java.lang.invoke.DirectMethodHandle$Holder.invokeVirtual(java.lang.Object, java.lang.Object, java.lang.Object, java.lang.Object, java.lang.Object)'> (0x000000008fb4de70) 
thrown [s\src\hotspot\share\interpreter\linkResolver.cpp, line 773]
Event: 319.787 Thread 0x00000183c0789080 Exception <a 'java/lang/NoSuchMethodError'{0x00000000839c6bb0}: 'java.lang.Object java.lang.invoke.DirectMethodHandle$Holder.invokeVirtual(java.lang.Object, java.lang.Object, java.lang.Object, java.lang.Object, java.lang.Object, java.lang.Object, java.lang.Object, java.lang.Object, java.lang.Object, java.lang.Object, java.lang.Object, java.lang.Object, java.lang.Object, java.lang.Object, java.lang.Object, java.lang.Object, java.lang.Object, java.lang.Object, java.lang.Object, java.lang.Object, java.lang.Ob
Event: 322.809 Thread 0x00000183c0789080 Exception <a 'java/lang/NoSuchMethodError'{0x000000008361ab78}: 'java.lang.Object java.lang.invoke.DirectMethodHandle$Holder.invokeSpecial(java.lang.Object, java.lang.Object, java.lang.Object, java.lang.Object, java.lang.Object, java.lang.Object, java.lang.Object, java.lang.Object, java.lang.Object, java.lang.Object, java.lang.Object, java.lang.Object, java.lang.Object, java.lang.Object, java.lang.Object, java.lang.Object, java.lang.Object, java.lang.Object, java.lang.Object, java.lang.Object, java.lang.Ob
Event: 326.261 Thread 0x00000183c0789080 Exception <a 'java/lang/NoSuchMethodError'{0x00000000834429d8}: 'java.lang.Object java.lang.invoke.DirectMethodHandle$Holder.newInvokeSpecial(java.lang.Object, java.lang.Object, java.lang.Object, java.lang.Object, java.lang.Object, java.lang.Object, java.lang.Object)'> (0x00000000834429d8) 
thrown [s\src\hotspot\share\interpreter\linkResolver.cpp, line 773]

ZGC Phase Switch (0 events):
No events

VM Operations (20 events):
Event: 325.061 Executing safepoint VM operation: Cleanup
Event: 325.061 Executing safepoint VM operation: Cleanup done
Event: 326.061 Executing safepoint VM operation: Cleanup
Event: 326.232 Executing safepoint VM operation: Cleanup done
Event: 327.244 Executing safepoint VM operation: Cleanup
Event: 327.244 Executing safepoint VM operation: Cleanup done
Event: 328.258 Executing safepoint VM operation: Cleanup
Event: 328.258 Executing safepoint VM operation: Cleanup done
Event: 329.271 Executing safepoint VM operation: Cleanup
Event: 329.304 Executing safepoint VM operation: Cleanup done
Event: 330.316 Executing safepoint VM operation: Cleanup
Event: 330.585 Executing safepoint VM operation: Cleanup done
Event: 331.591 Executing safepoint VM operation: Cleanup
Event: 332.024 Executing safepoint VM operation: Cleanup done
Event: 333.031 Executing safepoint VM operation: Cleanup
Event: 333.031 Executing safepoint VM operation: Cleanup done
Event: 335.052 Executing safepoint VM operation: Cleanup
Event: 335.788 Executing safepoint VM operation: Cleanup done
Event: 336.793 Executing safepoint VM operation: Cleanup
Event: 336.986 Executing safepoint VM operation: Cleanup done

Memory protections (0 events):
No events

Nmethod flushes (0 events):
No events

Events (20 events):
Event: 18.419 Thread 0x00000183c04c0f40 Thread added: 0x00000183c06e9bf0
Event: 18.797 Thread 0x00000183c06e9bf0 Thread exited: 0x00000183c06e9bf0
Event: 20.360 Thread 0x00000183c04c0f40 Thread added: 0x00000184074d7ea0
Event: 21.271 Thread 0x00000184074d7ea0 Thread exited: 0x00000184074d7ea0
Event: 21.330 Thread 0x00000183c04c0f40 Thread added: 0x00000184074d5c90
Event: 21.655 Thread 0x00000184074d5c90 Thread exited: 0x00000184074d5c90
Event: 22.221 Thread 0x00000183a88fd090 Thread added: 0x0000018406e9f320
Event: 39.455 Thread 0x00000183a88fd090 Thread added: 0x0000018406a0e200
Event: 42.392 Thread 0x00000183a88fd090 Thread added: 0x0000018406d5d4e0
Event: 251.869 Thread 0x0000018406a0e200 Thread added: 0x0000018407110880
Event: 252.864 Thread 0x0000018407110880 Thread added: 0x0000018406b1dfe0
Event: 260.263 Thread 0x0000018407110880 Thread added: 0x0000018406063be0
Event: 274.738 Thread 0x0000018407110880 Thread added: 0x00000183c0789080
Event: 275.070 Thread 0x00000183c0789080 Thread added: 0x00000183c0789da0
Event: 275.182 Thread 0x00000183c0789080 Thread added: 0x00000183c078a430
Event: 275.214 Thread 0x00000183c0789080 Thread added: 0x00000183c0789710
Event: 290.760 Thread 0x00000183c0789080 Thread added: 0x00000183c0786fb0
Event: 291.202 Thread 0x00000183c0789080 Thread added: 0x00000183c0787cd0
Event: 294.336 Thread 0x00000183c0787cd0 Thread added: 0x00000183c0787640
Event: 295.429 Thread 0x00000183c0789080 Thread added: 0x00000183c0788360


Dynamic libraries:
0x00007ff6a5040000 - 0x00007ff6a504e000 	C:\Users\enzonascimento-ieg\.cursor\extensions\redhat.java-1.56.0-win32-x64\jre\21.0.12.1-win32-x86_64\bin\java.exe
0x00007ff8a2a20000 - 0x00007ff8a2c87000 	C:\Windows\SYSTEM32\ntdll.dll
0x00007ff8a0f70000 - 0x00007ff8a103b000 	C:\Windows\System32\KERNEL32.DLL
0x00007ff8a0330000 - 0x00007ff8a0732000 	C:\Windows\System32\KERNELBASE.dll
0x00007ff89fe40000 - 0x00007ff89ff8c000 	C:\Windows\System32\ucrtbase.dll
0x00007ff86edb0000 - 0x00007ff86edc8000 	C:\Users\enzonascimento-ieg\.cursor\extensions\redhat.java-1.56.0-win32-x64\jre\21.0.12.1-win32-x86_64\bin\jli.dll
0x00007ff8a23f0000 - 0x00007ff8a25bf000 	C:\Windows\System32\USER32.dll
0x00007ff89fc20000 - 0x00007ff89fc47000 	C:\Windows\System32\win32u.dll
0x00007ff8a2290000 - 0x00007ff8a22bb000 	C:\Windows\System32\GDI32.dll
0x00007ff89fc50000 - 0x00007ff89fd79000 	C:\Windows\System32\gdi32full.dll
0x00007ff89ffa0000 - 0x00007ff8a0043000 	C:\Windows\System32\msvcp_win.dll
0x00007ff86edf0000 - 0x00007ff86ee0e000 	C:\Users\enzonascimento-ieg\.cursor\extensions\redhat.java-1.56.0-win32-x64\jre\21.0.12.1-win32-x86_64\bin\VCRUNTIME140.dll
0x00007ff8834a0000 - 0x00007ff883730000 	C:\Windows\WinSxS\amd64_microsoft.windows.common-controls_6595b64144ccf1df_6.0.26100.9278_none_3e0d1ba8e3303201\COMCTL32.dll
0x00007ff8a19a0000 - 0x00007ff8a1a49000 	C:\Windows\System32\msvcrt.dll
0x00007ff8a0eb0000 - 0x00007ff8a0ee1000 	C:\Windows\System32\IMM32.DLL
0x00007ff89c250000 - 0x00007ff89c25c000 	C:\Users\enzonascimento-ieg\.cursor\extensions\redhat.java-1.56.0-win32-x64\jre\21.0.12.1-win32-x86_64\bin\vcruntime140_1.dll
0x00007ff82e330000 - 0x00007ff82e3bd000 	C:\Users\enzonascimento-ieg\.cursor\extensions\redhat.java-1.56.0-win32-x64\jre\21.0.12.1-win32-x86_64\bin\msvcp140.dll
0x00007fffb7530000 - 0x00007fffb82d2000 	C:\Users\enzonascimento-ieg\.cursor\extensions\redhat.java-1.56.0-win32-x64\jre\21.0.12.1-win32-x86_64\bin\server\jvm.dll
0x00007ff8a0de0000 - 0x00007ff8a0e9c000 	C:\Windows\System32\ADVAPI32.dll
0x00007ff8a2000000 - 0x00007ff8a20a9000 	C:\Windows\System32\sechost.dll
0x00007ff8a1a50000 - 0x00007ff8a1b68000 	C:\Windows\System32\RPCRT4.dll
0x00007ff8a2360000 - 0x00007ff8a23e0000 	C:\Windows\System32\WS2_32.dll
0x00007ff89fa80000 - 0x00007ff89fade000 	C:\Windows\SYSTEM32\POWRPROF.dll
0x00007ff89bed0000 - 0x00007ff89bf06000 	C:\Windows\SYSTEM32\WINMM.dll
0x00007ff882540000 - 0x00007ff88254b000 	C:\Windows\SYSTEM32\VERSION.dll
0x00007ff89fa60000 - 0x00007ff89fa75000 	C:\Windows\SYSTEM32\UMPDC.dll
0x00007ff89e8b0000 - 0x00007ff89e8cb000 	C:\Windows\SYSTEM32\kernel.appcore.dll
0x00007ff88b7c0000 - 0x00007ff88b7ca000 	C:\Users\enzonascimento-ieg\.cursor\extensions\redhat.java-1.56.0-win32-x64\jre\21.0.12.1-win32-x86_64\bin\jimage.dll
0x00007ff89cfe0000 - 0x00007ff89d22c000 	C:\Windows\SYSTEM32\DBGHELP.DLL
0x00007ff8a0760000 - 0x00007ff8a0ae5000 	C:\Windows\System32\combase.dll
0x00007ff8a2130000 - 0x00007ff8a2209000 	C:\Windows\System32\OLEAUT32.dll
0x00007ff87e6f0000 - 0x00007ff87e72b000 	C:\Windows\SYSTEM32\dbgcore.DLL
0x00007ff8a0270000 - 0x00007ff8a031c000 	C:\Windows\System32\bcryptPrimitives.dll
0x00007ff881760000 - 0x00007ff88176f000 	C:\Users\enzonascimento-ieg\.cursor\extensions\redhat.java-1.56.0-win32-x64\jre\21.0.12.1-win32-x86_64\bin\instrument.dll
0x00007ff86ed60000 - 0x00007ff86ed80000 	C:\Users\enzonascimento-ieg\.cursor\extensions\redhat.java-1.56.0-win32-x64\jre\21.0.12.1-win32-x86_64\bin\java.dll
0x00007ff8a1040000 - 0x00007ff8a17d8000 	C:\Windows\System32\SHELL32.dll
0x00007ff89d420000 - 0x00007ff89dcce000 	C:\Windows\SYSTEM32\windows.storage.dll
0x00007ff8a17e0000 - 0x00007ff8a18db000 	C:\Windows\System32\SHCORE.dll
0x00007ff8a0ef0000 - 0x00007ff8a0f56000 	C:\Windows\System32\shlwapi.dll
0x00007ff89fb40000 - 0x00007ff89fb69000 	C:\Windows\SYSTEM32\profapi.dll
0x00007ff86eba0000 - 0x00007ff86ebb8000 	C:\Users\enzonascimento-ieg\.cursor\extensions\redhat.java-1.56.0-win32-x64\jre\21.0.12.1-win32-x86_64\bin\zip.dll
0x00007ff88b5d0000 - 0x00007ff88b5e0000 	C:\Users\enzonascimento-ieg\.cursor\extensions\redhat.java-1.56.0-win32-x64\jre\21.0.12.1-win32-x86_64\bin\net.dll
0x00007ff88e680000 - 0x00007ff88e7aa000 	C:\Windows\SYSTEM32\WINHTTP.dll
0x00007ff89ee50000 - 0x00007ff89eebc000 	C:\Windows\system32\mswsock.dll
0x00007ff866290000 - 0x00007ff8662a6000 	C:\Users\enzonascimento-ieg\.cursor\extensions\redhat.java-1.56.0-win32-x64\jre\21.0.12.1-win32-x86_64\bin\nio.dll
0x00007ff86efc0000 - 0x00007ff86efd0000 	C:\Users\enzonascimento-ieg\.cursor\extensions\redhat.java-1.56.0-win32-x64\jre\21.0.12.1-win32-x86_64\bin\verify.dll
0x00007ff86eab0000 - 0x00007ff86ead7000 	C:\Users\enzonascimento-ieg\.gradle\native\1def1411415f61bf3af743bc5b6707747c0891f09f0c88961ee8f79bc544acac\windows-amd64\native-platform.dll
0x00007ff84adb0000 - 0x00007ff84ae27000 	C:\Users\enzonascimento-ieg\.gradle\native\0.2.8\x86_64-windows-gnu\gradle-fileevents.dll
0x00007ff86eea0000 - 0x00007ff86eeaa000 	C:\Users\enzonascimento-ieg\.cursor\extensions\redhat.java-1.56.0-win32-x64\jre\21.0.12.1-win32-x86_64\bin\management.dll
0x00007ff86eb90000 - 0x00007ff86eb9c000 	C:\Users\enzonascimento-ieg\.cursor\extensions\redhat.java-1.56.0-win32-x64\jre\21.0.12.1-win32-x86_64\bin\management_ext.dll
0x00007ff8a20b0000 - 0x00007ff8a20b8000 	C:\Windows\System32\PSAPI.DLL
0x00007ff89dfe0000 - 0x00007ff89e013000 	C:\Windows\SYSTEM32\IPHLPAPI.DLL
0x00007ff8a0f60000 - 0x00007ff8a0f6a000 	C:\Windows\System32\NSI.dll
0x00007ff86d7a0000 - 0x00007ff86d7a9000 	C:\Users\enzonascimento-ieg\.cursor\extensions\redhat.java-1.56.0-win32-x64\jre\21.0.12.1-win32-x86_64\bin\extnet.dll
0x00007ff89f270000 - 0x00007ff89f28b000 	C:\Windows\SYSTEM32\CRYPTSP.dll
0x00007ff89e810000 - 0x00007ff89e849000 	C:\Windows\system32\rsaenh.dll
0x00007ff89ef00000 - 0x00007ff89ef34000 	C:\Windows\SYSTEM32\USERENV.dll
0x00007ff89fb10000 - 0x00007ff89fb3a000 	C:\Windows\SYSTEM32\bcrypt.dll
0x00007ff89f0b0000 - 0x00007ff89f0bc000 	C:\Windows\SYSTEM32\CRYPTBASE.dll
0x00007ff866010000 - 0x00007ff86601e000 	C:\Users\enzonascimento-ieg\.cursor\extensions\redhat.java-1.56.0-win32-x64\jre\21.0.12.1-win32-x86_64\bin\sunmscapi.dll
0x00007ff8a0050000 - 0x00007ff8a01ce000 	C:\Windows\System32\CRYPT32.dll
0x00007ff89f3e0000 - 0x00007ff89f410000 	C:\Windows\SYSTEM32\ncrypt.dll
0x00007ff89f390000 - 0x00007ff89f3cf000 	C:\Windows\SYSTEM32\NTASN1.dll
0x00007ff8842a0000 - 0x00007ff8842a8000 	C:\Windows\system32\wshunix.dll

JVMTI agents:
C:\Users\enzonascimento-ieg\.gradle\wrapper\dists\gradle-9.1.0-bin\9agqghryom9wkf8r80qlhnts3\gradle-9.1.0\lib\agents\gradle-instrumentation-agent-9.1.0.jar path:C:\Users\enzonascimento-ieg\.cursor\extensions\redhat.java-1.56.0-win32-x64\jre\21.0.12.1-win32-x86_64\bin\instrument.dll, loaded, initialized, instrumentlib options:none

dbghelp: loaded successfully - version: 4.0.5 - missing functions: none
symbol engine: initialized successfully - sym options: 0x614 - pdb path: .;C:\Users\enzonascimento-ieg\.cursor\extensions\redhat.java-1.56.0-win32-x64\jre\21.0.12.1-win32-x86_64\bin;C:\Windows\SYSTEM32;C:\Windows\WinSxS\amd64_microsoft.windows.common-controls_6595b64144ccf1df_6.0.26100.9278_none_3e0d1ba8e3303201;C:\Users\enzonascimento-ieg\.cursor\extensions\redhat.java-1.56.0-win32-x64\jre\21.0.12.1-win32-x86_64\bin\server;C:\Users\enzonascimento-ieg\.gradle\native\1def1411415f61bf3af743bc5b6707747c0891f09f0c88961ee8f79bc544acac\windows-amd64;C:\Users\enzonascimento-ieg\.gradle\native\0.2.8\x86_64-windows-gnu

VM Arguments:
jvm_args: --add-opens=java.base/java.lang=ALL-UNNAMED --add-opens=java.base/java.lang.invoke=ALL-UNNAMED --add-opens=java.base/java.util=ALL-UNNAMED --add-opens=java.prefs/java.util.prefs=ALL-UNNAMED --add-exports=jdk.compiler/com.sun.tools.javac.api=ALL-UNNAMED --add-exports=jdk.compiler/com.sun.tools.javac.util=ALL-UNNAMED --add-opens=java.base/java.util=ALL-UNNAMED --add-opens=java.prefs/java.util.prefs=ALL-UNNAMED --add-opens=java.base/java.nio.charset=ALL-UNNAMED --add-opens=java.base/java.net=ALL-UNNAMED --add-opens=java.base/java.util.concurrent=ALL-UNNAMED --add-opens=java.base/java.util.concurrent.atomic=ALL-UNNAMED --add-opens=java.xml/javax.xml.namespace=ALL-UNNAMED --add-opens=java.base/java.time=ALL-UNNAMED -Xmx2048m -Dfile.encoding=UTF-8 -Duser.country=BR -Duser.language=pt -Duser.variant -javaagent:C:\Users\enzonascimento-ieg\.gradle\wrapper\dists\gradle-9.1.0-bin\9agqghryom9wkf8r80qlhnts3\gradle-9.1.0\lib\agents\gradle-instrumentation-agent-9.1.0.jar 
java_command: org.gradle.launcher.daemon.bootstrap.GradleDaemon 9.1.0
java_class_path (initial): C:\Users\enzonascimento-ieg\.gradle\wrapper\dists\gradle-9.1.0-bin\9agqghryom9wkf8r80qlhnts3\gradle-9.1.0\lib\gradle-daemon-main-9.1.0.jar
Launcher Type: SUN_STANDARD

[Global flags]
     intx CICompilerCount                          = 4                                         {product} {ergonomic}
     uint ConcGCThreads                            = 3                                         {product} {ergonomic}
     uint G1ConcRefinementThreads                  = 10                                        {product} {ergonomic}
   size_t G1HeapRegionSize                         = 1048576                                   {product} {ergonomic}
    uintx GCDrainStackTargetSize                   = 64                                        {product} {ergonomic}
   size_t InitialHeapSize                          = 264241152                                 {product} {ergonomic}
   size_t MarkStackSize                            = 4194304                                   {product} {ergonomic}
   size_t MaxHeapSize                              = 2147483648                                {product} {command line}
   size_t MaxNewSize                               = 1287651328                                {product} {ergonomic}
   size_t MinHeapDeltaBytes                        = 1048576                                   {product} {ergonomic}
   size_t MinHeapSize                              = 8388608                                   {product} {ergonomic}
    uintx NonNMethodCodeHeapSize                   = 5839372                                {pd product} {ergonomic}
    uintx NonProfiledCodeHeapSize                  = 122909434                              {pd product} {ergonomic}
    uintx ProfiledCodeHeapSize                     = 122909434                              {pd product} {ergonomic}
    uintx ReservedCodeCacheSize                    = 251658240                              {pd product} {ergonomic}
     bool SegmentedCodeCache                       = true                                      {product} {ergonomic}
   size_t SoftMaxHeapSize                          = 2147483648                             {manageable} {ergonomic}
     bool UseCompressedOops                        = true                           {product lp64_product} {ergonomic}
     bool UseG1GC                                  = true                                      {product} {ergonomic}
     bool UseLargePagesIndividualAllocation        = false                                  {pd product} {ergonomic}

Logging:
Log output configuration:
 #0: stdout all=warning uptime,level,tags foldmultilines=false
 #1: stderr all=off uptime,level,tags foldmultilines=false

Release file:
JAVA_VERSION="21.0.12.1" 
MODULES="java.base java.compiler java.datatransfer java.xml java.prefs java.desktop java.instrument java.logging java.management java.security.sasl java.naming java.rmi java.management.rmi java.net.http java.scripting java.security.jgss java.transaction.xa java.sql java.sql.rowset java.xml.crypto java.se java.smartcardio jdk.accessibility jdk.internal.jvmstat jdk.attach jdk.charsets jdk.internal.opt jdk.zipfs jdk.compiler jdk.crypto.ec jdk.crypto.cryptoki jdk.crypto.mscapi jdk.dynalink jdk.internal.ed jdk.editpad jdk.hotspot.agent jdk.httpserver jdk.internal.le jdk.internal.vm.ci jdk.internal.vm.compiler jdk.internal.vm.compiler.management jdk.jartool jdk.javadoc jdk.jcmd jdk.management jdk.management.agent jdk.jconsole jdk.jdeps jdk.jdwp.agent jdk.jdi jdk.jfr jdk.jshell jdk.jsobject jdk.jstatd jdk.localedata jdk.management.jfr jdk.naming.dns jdk.naming.rmi jdk.net jdk.nio.mapmode jdk.random jdk.sctp jdk.security.auth jdk.security.jgss jdk.unsupported jdk.unsupported.desktop jdk.xml.dom" 

Environment Variables:
PATH=C:\Program Files\Python314\Scripts\;C:\Program Files\Python314\;C:\Program Files\Common Files\Oracle\Java\javapath;C:\Program Files\Python311\Scripts\;C:\Program Files\Python311\;C:\Windows\system32;C:\Windows;C:\Windows\System32\Wbem;C:\Windows\System32\WindowsPowerShell\v1.0\;C:\Windows\System32\OpenSSH\;C:\Program Files\dotnet\;C:\Program Files (x86)\Microsoft SQL Server\160\Tools\Binn\;C:\Program Files\Microsoft SQL Server\160\Tools\Binn\;C:\Program Files\Microsoft SQL Server\Client SDK\ODBC\170\Tools\Binn\;C:\Program Files\Microsoft SQL Server\160\DTS\Binn\;C:\Program Files\nodejs\;C:\Users\bart\AppData\Local\Microsoft\WindowsApps;C:\Users\bart\AppData\Local\Programs\Microsoft VS Code\bin;C:\Users\bart\AppData\Roaming\npm;C:\Program Files\kind;C:\Users\enzonascimento-ieg\AppData\Local\Microsoft\WindowsApps;C:\Users\enzonascimento-ieg\AppData\Local\Programs\Microsoft VS Code\bin;C:\Users\enzonascimento-ieg\AppData\Local\Programs\Git\cmd;C:\Users\enzonascimento-ieg\flutter\bin;C:\Users\enzonascimento-ieg\AppData\Roaming\npm;C:\Users\enzonascimento-ieg\AppData\Local\Programs\cursor\resources\app\bin;C:\Users\enzonascimento-ieg\AppData\Local\Programs\DockerDesktop\resources\bin;C:\Users\enzonascimento-ieg\.bun\bin;C:\Users\enzonascimento-ieg\AppData\Local\Microsoft\WinGet\Packages\evilmartians.lefthook_Microsoft.Winget.Source_8wekyb3d8bbwe;
USERNAME=enzonascimento-ieg
OS=Windows_NT
PROCESSOR_IDENTIFIER=Intel64 Family 6 Model 154 Stepping 4, GenuineIntel
TMP=C:\Users\ENZONA~1\AppData\Local\Temp
TEMP=C:\Users\ENZONA~1\AppData\Local\Temp




Periodic native trim disabled

---------------  S Y S T E M  ---------------

OS:
 Windows 11 , 64 bit Build 26100 (10.0.26100.9444)
OS uptime: 6 days 19:32 hours
Hyper-V role detected

CPU: total 12 (initial active 12) (6 cores per cpu, 2 threads per core) family 6 model 154 stepping 4 microcode 0x43b, cx8, cmov, fxsr, ht, mmx, 3dnowpref, sse, sse2, sse3, ssse3, sse4.1, sse4.2, popcnt, lzcnt, tsc, tscinvbit, avx, avx2, aes, erms, clmul, bmi1, bmi2, adx, sha, fma, vzeroupper, clflush, clflushopt, clwb, hv, serialize, rdtscp, rdpid, fsrm, f16c, cet_ibt, cet_ss
Processor Information for the first 12 processors :
  Max Mhz: 1700, Current Mhz: 1700, Mhz Limit: 1700

Memory: 4k page, system-wide physical 16068M (593M free)
TotalPageFile size 65220M (AvailPageFile size 2182M)
current process WorkingSet (physical memory assigned to process): 108M, peak: 164M
current process commit charge ("private bytes"): 226M, peak: 417M

vm_info: OpenJDK 64-Bit Server VM (21.0.12.1+1-LTS) for windows-amd64 JRE (21.0.12.1+1-LTS), built on 2026-08-18T00:00:00Z by "admin" with MS VC++ 17.12 (VS2022)

END.
